-- 3_insertion.sql
-- Données générées automatiquement pour alimenter la base

INSERT INTO utilisateur (email, nom_affiche, date_creation, theme_interface, langue_interface) VALUES
('nicolas.martin@mail.com', 'Nicolas', '2025-02-13', 'light', 'fr'),
('lina.dubois@mail.com', 'Lina', '2025-01-17', 'dark', 'en'),
('maya.nguyen@mail.com', 'Maya', '2025-02-22', 'sepia', 'es'),
('adam.petit@mail.com', 'Adam', '2025-10-04', 'light', 'fr'),
('sarah.robert@mail.com', 'Sarah', '2025-06-05', 'dark', 'en'),
('yanis.bernard@mail.com', 'Yanis', '2025-07-04', 'sepia', 'es'),
('emma.morel@mail.com', 'Emma', '2025-01-21', 'light', 'fr'),
('noah.simon@mail.com', 'Noah', '2025-11-27', 'dark', 'en'),
('ines.laurent@mail.com', 'Ines', '2025-08-03', 'sepia', 'es'),
('louis.michel@mail.com', 'Louis', '2025-09-01', 'light', 'fr'),
('camille.garcia@mail.com', 'Camille', '2025-03-22', 'dark', 'en'),
('jules.thomas@mail.com', 'Jules', '2025-10-24', 'sepia', 'es');

INSERT INTO dossier (id_dossier, nom_dossier, couleur_dossier, date_creation, id_utilisateur, id_dossier_parent) VALUES
(1, 'Jazz', '#2A9D8F', '2025-09-24', 1, NULL),
(2, 'Travail', '#6A4C93', '2025-07-24', 1, NULL),
(3, 'Composition', '#E63946', '2025-05-11', 1, NULL),
(4, 'Medium', '#E63946', '2025-05-04', 1, 2),
(5, 'Session', '#2A9D8F', '2025-09-28', 2, NULL),
(6, 'Session', '#457B9D', '2025-09-25', 2, NULL),
(7, 'Jazz', '#6A4C93', '2025-01-24', 2, NULL),
(8, 'Révisions', '#1D3557', '2025-06-22', 2, NULL),
(9, 'Trio', '#FF6B6B', '2025-04-15', 2, 6),
(10, 'Impro', '#6A4C93', '2025-05-17', 2, 7),
(11, 'Révisions', '#E63946', '2025-03-12', 3, NULL),
(12, 'Concert', '#118AB2', '2025-01-16', 3, NULL),
(13, 'Session', '#457B9D', '2025-02-17', 3, NULL),
(14, 'Ballads', '#6A4C93', '2025-09-10', 3, 13),
(15, 'Impro', '#6A4C93', '2025-11-07', 3, 12),
(16, 'Travail', '#457B9D', '2025-10-18', 4, NULL),
(17, 'Concert', '#6A4C93', '2025-07-04', 4, NULL),
(18, 'Composition', '#457B9D', '2025-07-27', 4, NULL),
(19, 'Trio', '#2A9D8F', '2025-07-25', 4, 18),
(20, 'Composition', '#118AB2', '2025-11-07', 5, NULL),
(21, 'Session', '#457B9D', '2025-02-03', 5, NULL),
(22, 'Travail', '#FF6B6B', '2025-03-25', 5, NULL),
(23, 'Medium', '#118AB2', '2025-09-04', 5, 22),
(24, 'Lecture', '#118AB2', '2025-08-17', 5, 21),
(25, 'Révisions', '#118AB2', '2025-07-09', 6, NULL),
(26, 'A rejouer', '#457B9D', '2025-08-12', 6, NULL),
(27, 'A rejouer', '#457B9D', '2025-01-14', 6, NULL),
(28, 'Ballads', '#2A9D8F', '2025-10-02', 6, 27),
(29, 'Lecture', '#E63946', '2025-04-10', 6, 27),
(30, 'Concert', '#E63946', '2025-03-01', 7, NULL),
(31, 'Jazz', '#457B9D', '2025-11-08', 7, NULL),
(32, 'A rejouer', '#E63946', '2025-02-21', 7, NULL),
(33, 'Impro', '#118AB2', '2025-04-01', 7, 32),
(34, 'Ballads', '#118AB2', '2025-12-01', 7, 31),
(35, 'Jazz', '#118AB2', '2025-10-13', 8, NULL),
(36, 'Standards', '#6A4C93', '2025-03-18', 8, NULL),
(37, 'Transcriptions', '#6A4C93', '2025-02-22', 8, NULL),
(38, 'À finir', '#1D3557', '2025-07-16', 8, 37),
(39, 'Impro', '#1D3557', '2025-07-02', 8, 36),
(40, 'Transcriptions', '#2A9D8F', '2025-10-12', 9, NULL),
(41, 'Transcriptions', '#1D3557', '2025-03-23', 9, NULL),
(42, 'Session', '#118AB2', '2025-03-25', 9, NULL),
(43, 'Up Tempo', '#6A4C93', '2025-12-03', 9, 41),
(44, 'Medium', '#F4A261', '2025-07-18', 9, 41),
(45, 'Travail', '#118AB2', '2025-04-10', 10, NULL),
(46, 'Travail', '#2A9D8F', '2025-01-08', 10, NULL),
(47, 'Transcriptions', '#2A9D8F', '2025-09-10', 10, NULL),
(48, 'Up Tempo', '#457B9D', '2025-11-18', 10, 47),
(49, 'Session', '#6A4C93', '2025-11-27', 11, NULL),
(50, 'Standards', '#FF6B6B', '2025-04-23', 11, NULL),
(51, 'Révisions', '#6A4C93', '2025-09-07', 11, NULL),
(52, 'À finir', '#118AB2', '2025-11-18', 11, 50),
(53, 'A rejouer', '#6A4C93', '2025-07-14', 12, NULL),
(54, 'Révisions', '#6A4C93', '2025-02-05', 12, NULL),
(55, 'Révisions', '#6A4C93', '2025-11-26', 12, NULL),
(56, 'Lecture', '#F4A261', '2025-02-28', 12, 54),
(57, 'Up Tempo', '#FF6B6B', '2025-02-22', 12, 53);

INSERT INTO morceau (id_morceau, titre, auteur, style, bpm, tonalite, signature_rythmique, statut_apprentissage, date_ajout, id_utilisateur) VALUES
(1, 'Electric Echo', 'John Coltrane', 'fusion', 167, 'Em', '6/8', 'maitrise', '2025-02-16', 1),
(2, 'Velvet Train', 'Miles Davis', 'pop', 89, 'Bb', '3/4', 'en_cours', '2025-11-28', 1),
(3, 'Hidden Street', 'Bill Evans', 'rock', 97, 'Dm', '6/8', 'a_apprendre', '2025-03-28', 1),
(4, 'Autumn Bird', 'Wayne Shorter', 'fusion', 96, 'Am', '4/4', 'maitrise', '2025-01-22', 1),
(5, 'Hidden Pulse', 'Chick Corea', 'pop', 84, 'D', '6/8', 'maitrise', '2025-09-06', 1),
(6, 'Solar Dream', 'Pat Metheny', 'rock', 157, 'Am', '4/4', 'en_cours', '2025-05-22', 1),
(7, 'Urban Garden', 'The Beatles', 'rock', 74, 'A', '4/4', 'maitrise', '2025-12-10', 1),
(8, 'Solar Dream', 'Bill Evans', 'blues', 128, 'E', '6/8', 'maitrise', '2025-11-26', 1),
(9, 'Autumn Dream', 'John Coltrane', 'blues', 168, 'Em', '4/4', 'en_cours', '2025-01-06', 2),
(10, 'Solar Leaves', 'Stevie Wonder', 'fusion', 109, 'E', '4/4', 'maitrise', '2025-04-23', 2),
(11, 'Silent Dream', 'Herbie Hancock', 'funk', 180, 'Em', '3/4', 'a_apprendre', '2025-05-14', 2),
(12, 'Crystal Bird', 'The Beatles', 'jazz', 165, 'C', '3/4', 'en_cours', '2025-04-11', 2),
(13, 'Golden Train', 'Herbie Hancock', 'jazz', 74, 'Fm', '4/4', 'a_apprendre', '2025-03-14', 2),
(14, 'Silent Motion', 'Stevie Wonder', 'blues', 106, 'G', '6/8', 'a_apprendre', '2025-06-11', 2),
(15, 'Bright Sketch', 'Stevie Wonder', 'fusion', 181, 'Fm', '3/4', 'maitrise', '2025-09-08', 2),
(16, 'Silent Bird', 'Herbie Hancock', 'jazz', 133, 'E', '3/4', 'en_cours', '2025-07-28', 2),
(17, 'Hidden Echo', 'Wayne Shorter', 'rock', 124, 'Bb', '4/4', 'en_cours', '2025-05-04', 3),
(18, 'Silent Sketch', 'Wayne Shorter', 'fusion', 131, 'E', '5/4', 'maitrise', '2025-08-24', 3),
(19, 'Electric Train', 'Duke Ellington', 'fusion', 167, 'Fm', '5/4', 'a_apprendre', '2025-05-22', 3),
(20, 'Hidden Street', 'Herbie Hancock', 'fusion', 171, 'Dm', '6/8', 'maitrise', '2025-03-17', 3),
(21, 'Velvet Street', 'Pat Metheny', 'funk', 170, 'Bb', '5/4', 'a_apprendre', '2025-05-27', 3),
(22, 'Silent Dream', 'Bill Evans', 'fusion', 139, 'E', '4/4', 'en_cours', '2025-05-20', 3),
(23, 'Electric Sketch', 'Miles Davis', 'rock', 169, 'Dm', '5/4', 'maitrise', '2025-03-03', 3),
(24, 'Bright Motion', 'Stevie Wonder', 'rock', 158, 'Bbm', '5/4', 'en_cours', '2025-04-12', 3),
(25, 'Electric Street', 'John Coltrane', 'fusion', 95, 'F', '6/8', 'maitrise', '2025-12-26', 3),
(26, 'Crystal Garden', 'Miles Davis', 'rock', 72, 'F', '3/4', 'a_apprendre', '2025-01-04', 4),
(27, 'Blue Street', 'John Coltrane', 'pop', 147, 'G', '6/8', 'a_apprendre', '2025-01-23', 4),
(28, 'Solar River', 'Wayne Shorter', 'funk', 141, 'Cm', '6/8', 'maitrise', '2025-03-17', 4),
(29, 'Midnight Motion', 'Wayne Shorter', 'pop', 187, 'G', '3/4', 'maitrise', '2025-03-17', 4),
(30, 'Silent Steps', 'Pat Metheny', 'pop', 92, 'C', '3/4', 'en_cours', '2025-11-19', 4),
(31, 'Autumn Train', 'Pat Metheny', 'jazz', 158, 'Gm', '4/4', 'maitrise', '2025-02-15', 4),
(32, 'Velvet Train', 'Joe Henderson', 'pop', 147, 'Bb', '3/4', 'a_apprendre', '2025-04-11', 4),
(33, 'Crystal Dream', 'Herbie Hancock', 'rock', 93, 'G', '6/8', 'maitrise', '2025-02-05', 4),
(34, 'Autumn River', 'Chick Corea', 'rock', 107, 'E', '5/4', 'a_apprendre', '2025-08-19', 4),
(35, 'Autumn Pulse', 'Stevie Wonder', 'fusion', 82, 'D', '4/4', 'maitrise', '2025-08-08', 4),
(36, 'Electric Garden', 'Wayne Shorter', 'pop', 178, 'G', '3/4', 'en_cours', '2025-03-07', 5),
(37, 'Silent Pulse', 'Stevie Wonder', 'jazz', 100, 'E', '5/4', 'en_cours', '2025-11-13', 5),
(38, 'Silent Pulse', 'Herbie Hancock', 'jazz', 121, 'Cm', '3/4', 'maitrise', '2025-11-26', 5),
(39, 'Blue Train', 'Pat Metheny', 'pop', 135, 'E', '5/4', 'a_apprendre', '2025-05-08', 5),
(40, 'Autumn Leaves', 'Stevie Wonder', 'blues', 81, 'Am', '3/4', 'a_apprendre', '2025-07-06', 5),
(41, 'Velvet Train', 'The Beatles', 'blues', 144, 'Bbm', '6/8', 'a_apprendre', '2025-08-14', 5),
(42, 'Urban Pulse', 'Wayne Shorter', 'jazz', 139, 'Gm', '3/4', 'en_cours', '2025-12-23', 5),
(43, 'Hidden Bird', 'Bill Evans', 'pop', 178, 'C', '3/4', 'a_apprendre', '2025-12-14', 5),
(44, 'Electric Echo', 'Joe Henderson', 'blues', 179, 'Am', '5/4', 'a_apprendre', '2025-01-05', 6),
(45, 'Solar Dream', 'Wayne Shorter', 'rock', 175, 'Em', '6/8', 'en_cours', '2025-05-08', 6),
(46, 'Solar Sketch', 'Chick Corea', 'jazz', 173, 'E', '5/4', 'a_apprendre', '2025-12-01', 6),
(47, 'Blue Motion', 'Miles Davis', 'pop', 104, 'Cm', '3/4', 'maitrise', '2025-05-08', 6),
(48, 'Urban Sketch', 'John Coltrane', 'fusion', 186, 'Bb', '3/4', 'maitrise', '2025-10-01', 6),
(49, 'Bright Sketch', 'Miles Davis', 'funk', 101, 'Gm', '5/4', 'a_apprendre', '2025-08-15', 6),
(50, 'Hidden Motion', 'Duke Ellington', 'blues', 165, 'Dm', '5/4', 'en_cours', '2025-12-03', 6),
(51, 'Bright Echo', 'Chick Corea', 'fusion', 84, 'Am', '6/8', 'maitrise', '2025-05-19', 6),
(52, 'Silent Steps', 'The Beatles', 'blues', 86, 'D', '6/8', 'en_cours', '2025-11-03', 6),
(53, 'Velvet Street', 'The Beatles', 'funk', 136, 'Fm', '5/4', 'a_apprendre', '2025-09-22', 7),
(54, 'Midnight Echo', 'Miles Davis', 'pop', 135, 'A', '5/4', 'a_apprendre', '2025-08-13', 7),
(55, 'Autumn Steps', 'Bill Evans', 'rock', 92, 'C', '5/4', 'en_cours', '2025-03-27', 7),
(56, 'Electric River', 'Wayne Shorter', 'jazz', 125, 'Em', '4/4', 'maitrise', '2025-09-11', 7),
(57, 'Silent Pulse', 'Wayne Shorter', 'funk', 107, 'Am', '5/4', 'en_cours', '2025-08-02', 7),
(58, 'Bright Sketch', 'Duke Ellington', 'jazz', 177, 'Cm', '4/4', 'en_cours', '2025-02-03', 7),
(59, 'Blue Street', 'John Coltrane', 'jazz', 110, 'D', '3/4', 'en_cours', '2025-05-22', 7),
(60, 'Electric River', 'Wayne Shorter', 'rock', 84, 'G', '6/8', 'en_cours', '2025-11-18', 7),
(61, 'Midnight Bird', 'Chick Corea', 'blues', 106, 'A', '4/4', 'maitrise', '2025-10-14', 8),
(62, 'Silent Street', 'John Coltrane', 'blues', 148, 'G', '4/4', 'a_apprendre', '2025-05-26', 8),
(63, 'Silent Bird', 'Chick Corea', 'jazz', 181, 'Gm', '3/4', 'en_cours', '2025-06-03', 8),
(64, 'Autumn Street', 'Pat Metheny', 'blues', 128, 'D', '3/4', 'a_apprendre', '2025-07-14', 8),
(65, 'Velvet Dream', 'Joe Henderson', 'pop', 106, 'Bbm', '5/4', 'a_apprendre', '2025-11-19', 8),
(66, 'Midnight Leaves', 'Bill Evans', 'fusion', 107, 'Dm', '5/4', 'en_cours', '2025-10-19', 8),
(67, 'Midnight River', 'Stevie Wonder', 'funk', 176, 'Dm', '6/8', 'maitrise', '2025-04-14', 8),
(68, 'Crystal Garden', 'Bill Evans', 'rock', 143, 'A', '3/4', 'a_apprendre', '2025-12-13', 8),
(69, 'Solar Echo', 'Herbie Hancock', 'funk', 70, 'Bbm', '6/8', 'a_apprendre', '2025-11-26', 9),
(70, 'Velvet Pulse', 'The Beatles', 'blues', 85, 'Em', '5/4', 'maitrise', '2025-03-21', 9),
(71, 'Electric Motion', 'Wayne Shorter', 'jazz', 91, 'Fm', '3/4', 'en_cours', '2025-07-12', 9),
(72, 'Autumn Train', 'Wayne Shorter', 'blues', 108, 'Bb', '4/4', 'en_cours', '2025-06-16', 9),
(73, 'Midnight Bird', 'The Beatles', 'jazz', 138, 'F', '4/4', 'maitrise', '2025-03-03', 9),
(74, 'Solar Steps', 'Herbie Hancock', 'funk', 92, 'Am', '5/4', 'en_cours', '2025-11-13', 9),
(75, 'Autumn Bird', 'Duke Ellington', 'pop', 156, 'F', '6/8', 'maitrise', '2025-11-12', 9),
(76, 'Blue River', 'Stevie Wonder', 'funk', 161, 'Fm', '4/4', 'maitrise', '2025-08-19', 9),
(77, 'Golden River', 'Miles Davis', 'blues', 125, 'Em', '5/4', 'en_cours', '2025-08-10', 10),
(78, 'Urban Sketch', 'Pat Metheny', 'blues', 169, 'E', '3/4', 'maitrise', '2025-02-16', 10),
(79, 'Bright Echo', 'The Beatles', 'fusion', 140, 'D', '6/8', 'en_cours', '2025-03-09', 10),
(80, 'Bright River', 'Joe Henderson', 'jazz', 188, 'Em', '3/4', 'en_cours', '2025-03-07', 10),
(81, 'Blue Echo', 'Chick Corea', 'pop', 98, 'G', '5/4', 'a_apprendre', '2025-07-11', 10),
(82, 'Crystal River', 'Joe Henderson', 'funk', 163, 'E', '3/4', 'a_apprendre', '2025-12-06', 10),
(83, 'Solar Train', 'Chick Corea', 'blues', 165, 'Am', '4/4', 'a_apprendre', '2025-04-08', 10),
(84, 'Electric Dream', 'Herbie Hancock', 'blues', 120, 'Em', '5/4', 'a_apprendre', '2025-11-01', 10),
(85, 'Hidden Leaves', 'Chick Corea', 'pop', 95, 'G', '5/4', 'maitrise', '2025-04-12', 11),
(86, 'Solar Street', 'Wayne Shorter', 'blues', 70, 'Bbm', '3/4', 'maitrise', '2025-12-12', 11),
(87, 'Solar Pulse', 'Stevie Wonder', 'fusion', 150, 'F', '6/8', 'en_cours', '2025-02-03', 11),
(88, 'Blue River', 'Chick Corea', 'blues', 165, 'Dm', '6/8', 'en_cours', '2025-08-28', 11),
(89, 'Golden Pulse', 'Herbie Hancock', 'blues', 145, 'D', '3/4', 'en_cours', '2025-05-23', 11),
(90, 'Golden Leaves', 'Bill Evans', 'fusion', 169, 'Am', '3/4', 'maitrise', '2025-01-21', 11),
(91, 'Electric Steps', 'Chick Corea', 'funk', 123, 'D', '3/4', 'maitrise', '2025-11-12', 11),
(92, 'Golden Pulse', 'Joe Henderson', 'fusion', 188, 'Cm', '5/4', 'maitrise', '2025-04-11', 11),
(93, 'Electric Echo', 'Bill Evans', 'funk', 130, 'Em', '6/8', 'maitrise', '2025-09-24', 11),
(94, 'Bright Train', 'Joe Henderson', 'jazz', 93, 'G', '6/8', 'en_cours', '2025-01-08', 11),
(95, 'Crystal Train', 'Bill Evans', 'blues', 122, 'A', '4/4', 'en_cours', '2025-10-20', 12),
(96, 'Electric Motion', 'The Beatles', 'fusion', 97, 'Gm', '6/8', 'maitrise', '2025-08-22', 12),
(97, 'Midnight River', 'John Coltrane', 'funk', 109, 'Em', '4/4', 'en_cours', '2025-09-10', 12),
(98, 'Golden Sketch', 'Wayne Shorter', 'jazz', 177, 'Gm', '6/8', 'a_apprendre', '2025-09-13', 12),
(99, 'Silent Garden', 'Stevie Wonder', 'jazz', 183, 'A', '4/4', 'maitrise', '2025-10-09', 12),
(100, 'Electric Dream', 'The Beatles', 'fusion', 98, 'Bb', '4/4', 'a_apprendre', '2025-01-06', 12),
(101, 'Silent Motion', 'Bill Evans', 'fusion', 109, 'Bbm', '4/4', 'en_cours', '2025-03-09', 12),
(102, 'Solar Dream', 'Miles Davis', 'fusion', 137, 'Dm', '4/4', 'maitrise', '2025-03-05', 12);

INSERT INTO dossier_morceau (id_dossier, id_morceau) VALUES
(3, 1),
(4, 1),
(1, 1),
(3, 2),
(2, 2),
(1, 3),
(3, 3),
(2, 4),
(4, 4),
(1, 4),
(1, 5),
(4, 5),
(1, 6),
(4, 7),
(1, 7),
(2, 7),
(4, 8),
(1, 8),
(8, 9),
(7, 9),
(9, 10),
(6, 10),
(10, 11),
(5, 11),
(5, 12),
(6, 13),
(9, 13),
(8, 14),
(10, 15),
(8, 15),
(7, 15),
(9, 16),
(7, 16),
(12, 17),
(15, 17),
(14, 18),
(12, 19),
(15, 20),
(11, 20),
(12, 20),
(11, 21),
(14, 21),
(13, 21),
(11, 22),
(12, 23),
(14, 24),
(13, 24),
(11, 24),
(13, 25),
(14, 25),
(11, 25),
(18, 26),
(19, 26),
(17, 26),
(17, 27),
(16, 27),
(17, 28),
(16, 29),
(18, 30),
(19, 30),
(17, 30),
(17, 31),
(16, 32),
(19, 32),
(17, 32),
(16, 33),
(16, 34),
(17, 35),
(18, 35),
(20, 36),
(23, 36),
(21, 36),
(23, 37),
(22, 37),
(23, 38),
(24, 39),
(22, 40),
(21, 40),
(22, 41),
(24, 41),
(20, 42),
(22, 42),
(20, 43),
(22, 43),
(24, 43),
(29, 44),
(28, 44),
(26, 44),
(27, 45),
(26, 46),
(27, 46),
(29, 46),
(27, 47),
(29, 47),
(29, 48),
(26, 49),
(25, 49),
(29, 49),
(26, 50),
(27, 50),
(26, 51),
(28, 51),
(29, 51),
(29, 52),
(27, 52),
(32, 53),
(31, 54),
(34, 54),
(34, 55),
(33, 56),
(30, 56),
(32, 56),
(32, 57),
(31, 57),
(34, 57),
(33, 58),
(31, 58),
(30, 58),
(33, 59),
(34, 59),
(32, 59),
(30, 60),
(32, 60),
(33, 60),
(36, 61),
(35, 61),
(38, 62),
(36, 62),
(36, 63),
(39, 64),
(37, 64),
(38, 65),
(39, 65),
(36, 65),
(38, 66),
(35, 66),
(38, 67),
(36, 67),
(35, 67),
(38, 68),
(44, 69),
(42, 70),
(43, 70),
(41, 70),
(42, 71),
(41, 71),
(40, 72),
(43, 73),
(42, 73),
(44, 73),
(40, 74),
(43, 75),
(41, 75),
(42, 76),
(44, 76),
(47, 77),
(45, 77),
(45, 78),
(48, 78),
(47, 79),
(45, 80),
(47, 80),
(48, 80),
(45, 81),
(48, 81),
(47, 82),
(45, 83),
(47, 83),
(46, 83),
(45, 84),
(47, 84),
(48, 84),
(52, 85),
(49, 85),
(50, 85),
(49, 86),
(52, 87),
(49, 88),
(52, 88),
(50, 88),
(49, 89),
(52, 89),
(52, 90),
(50, 90),
(50, 91),
(51, 92),
(51, 93),
(49, 94),
(50, 94),
(55, 95),
(53, 96),
(55, 96),
(56, 97),
(57, 98),
(55, 98),
(53, 98),
(57, 99),
(56, 100),
(57, 100),
(53, 101),
(57, 101),
(53, 102),
(56, 102);

INSERT INTO grille (id_grille, nom_version, id_morceau) VALUES
(1, 'RealBook', 1),
(2, 'Practice', 1),
(3, 'RealBook', 2),
(4, 'Practice', 2),
(5, 'RealBook', 3),
(6, 'RealBook', 4),
(7, 'Practice', 4),
(8, 'RealBook', 5),
(9, 'Practice', 5),
(10, 'RealBook', 6),
(11, 'Practice', 6),
(12, 'RealBook', 7),
(13, 'Practice', 7),
(14, 'RealBook', 8),
(15, 'Practice', 8),
(16, 'RealBook', 9),
(17, 'Practice', 9),
(18, 'RealBook', 10),
(19, 'RealBook', 11),
(20, 'Practice', 11),
(21, 'RealBook', 12),
(22, 'Practice', 12),
(23, 'RealBook', 13),
(24, 'Practice', 13),
(25, 'RealBook', 14),
(26, 'Practice', 14),
(27, 'RealBook', 15),
(28, 'RealBook', 16),
(29, 'Practice', 16),
(30, 'RealBook', 17),
(31, 'Practice', 17),
(32, 'RealBook', 18),
(33, 'RealBook', 19),
(34, 'RealBook', 20),
(35, 'RealBook', 21),
(36, 'Practice', 21),
(37, 'RealBook', 22),
(38, 'RealBook', 23),
(39, 'RealBook', 24),
(40, 'Practice', 24),
(41, 'RealBook', 25),
(42, 'Practice', 25),
(43, 'RealBook', 26),
(44, 'Practice', 26),
(45, 'RealBook', 27),
(46, 'Practice', 27),
(47, 'RealBook', 28),
(48, 'Practice', 28),
(49, 'RealBook', 29),
(50, 'RealBook', 30),
(51, 'RealBook', 31),
(52, 'RealBook', 32),
(53, 'Practice', 32),
(54, 'RealBook', 33),
(55, 'RealBook', 34),
(56, 'RealBook', 35),
(57, 'RealBook', 36),
(58, 'Practice', 36),
(59, 'RealBook', 37),
(60, 'RealBook', 38),
(61, 'Practice', 38),
(62, 'RealBook', 39),
(63, 'RealBook', 40),
(64, 'Practice', 40),
(65, 'RealBook', 41),
(66, 'Practice', 41),
(67, 'RealBook', 42),
(68, 'Practice', 42),
(69, 'RealBook', 43),
(70, 'RealBook', 44),
(71, 'RealBook', 45),
(72, 'RealBook', 46),
(73, 'Practice', 46),
(74, 'RealBook', 47),
(75, 'Practice', 47),
(76, 'RealBook', 48),
(77, 'Practice', 48),
(78, 'RealBook', 49),
(79, 'RealBook', 50),
(80, 'RealBook', 51),
(81, 'Practice', 51),
(82, 'RealBook', 52),
(83, 'RealBook', 53),
(84, 'Practice', 53),
(85, 'RealBook', 54),
(86, 'RealBook', 55),
(87, 'RealBook', 56),
(88, 'Practice', 56),
(89, 'RealBook', 57),
(90, 'Practice', 57),
(91, 'RealBook', 58),
(92, 'Practice', 58),
(93, 'RealBook', 59),
(94, 'Practice', 59),
(95, 'RealBook', 60),
(96, 'RealBook', 61),
(97, 'RealBook', 62),
(98, 'RealBook', 63),
(99, 'Practice', 63),
(100, 'RealBook', 64),
(101, 'RealBook', 65),
(102, 'RealBook', 66),
(103, 'Practice', 66),
(104, 'RealBook', 67),
(105, 'RealBook', 68),
(106, 'Practice', 68),
(107, 'RealBook', 69),
(108, 'Practice', 69),
(109, 'RealBook', 70),
(110, 'Practice', 70),
(111, 'RealBook', 71),
(112, 'RealBook', 72),
(113, 'RealBook', 73),
(114, 'RealBook', 74),
(115, 'Practice', 74),
(116, 'RealBook', 75),
(117, 'Practice', 75),
(118, 'RealBook', 76),
(119, 'Practice', 76),
(120, 'RealBook', 77),
(121, 'RealBook', 78),
(122, 'Practice', 78),
(123, 'RealBook', 79),
(124, 'Practice', 79),
(125, 'RealBook', 80),
(126, 'RealBook', 81),
(127, 'RealBook', 82),
(128, 'RealBook', 83),
(129, 'Practice', 83),
(130, 'RealBook', 84),
(131, 'RealBook', 85),
(132, 'Practice', 85),
(133, 'RealBook', 86),
(134, 'Practice', 86),
(135, 'RealBook', 87),
(136, 'RealBook', 88),
(137, 'RealBook', 89),
(138, 'Practice', 89),
(139, 'RealBook', 90),
(140, 'RealBook', 91),
(141, 'RealBook', 92),
(142, 'RealBook', 93),
(143, 'Practice', 93),
(144, 'RealBook', 94),
(145, 'RealBook', 95),
(146, 'Practice', 95),
(147, 'RealBook', 96),
(148, 'RealBook', 97),
(149, 'RealBook', 98),
(150, 'RealBook', 99),
(151, 'Practice', 99),
(152, 'RealBook', 100),
(153, 'RealBook', 101),
(154, 'Practice', 101),
(155, 'RealBook', 102),
(156, 'Practice', 102);

INSERT INTO mesure (id_grille, numero_mesure, contenu_mesure) VALUES
(1, 1, '| Bbmaj7 | Bm7b5 |'),
(1, 2, '| Cmaj7 | Am7 |'),
(1, 3, '| Db7 | D7 |'),
(1, 4, '| Bm7b5 | Em7 |'),
(1, 5, '| Fmaj7 | Em7 |'),
(1, 6, '| Ebmaj7 | A7 |'),
(1, 7, '| Dm7 | Fmaj7 |'),
(1, 8, '| Gm7 | D7 |'),
(1, 9, '| Em7 | D7 |'),
(1, 10, '| A7 | Am7 |'),
(1, 11, '| Abmaj7 | Abmaj7 |'),
(1, 12, '| G7 | A7 |'),
(2, 1, '| Cmaj7 | Bbmaj7 |'),
(2, 2, '| Fmaj7 | F7 |'),
(2, 3, '| Ebmaj7 | Abmaj7 |'),
(2, 4, '| Cm7 | Db7 |'),
(2, 5, '| Em7 | Bbmaj7 |'),
(2, 6, '| Cm7 | Am7 |'),
(2, 7, '| Cmaj7 | Dm7 |'),
(2, 8, '| Gm7 | Em7 |'),
(2, 9, '| Ebmaj7 | A7 |'),
(2, 10, '| Cmaj7 | Em7 |'),
(2, 11, '| Fmaj7 | D7 |'),
(2, 12, '| Em7 | D7 |'),
(3, 1, '| Db7 | Abmaj7 |'),
(3, 2, '| Cmaj7 | Bm7b5 |'),
(3, 3, '| Bbmaj7 | Fmaj7 |'),
(3, 4, '| Am7 | Bbmaj7 |'),
(3, 5, '| Db7 | D7 |'),
(3, 6, '| Ebmaj7 | A7 |'),
(3, 7, '| Am7 | Db7 |'),
(3, 8, '| Bm7b5 | Am7 |'),
(4, 1, '| Bm7b5 | Abmaj7 |'),
(4, 2, '| Fmaj7 | Abmaj7 |'),
(4, 3, '| G7 | Em7 |'),
(4, 4, '| Gm7 | D7 |'),
(4, 5, '| Em7 | Cmaj7 |'),
(4, 6, '| Cm7 | Db7 |'),
(4, 7, '| Gm7 | Db7 |'),
(4, 8, '| Fmaj7 | Bbmaj7 |'),
(4, 9, '| Db7 | Cmaj7 |'),
(4, 10, '| Abmaj7 | Cmaj7 |'),
(4, 11, '| Abmaj7 | Gm7 |'),
(4, 12, '| Dm7 | Abmaj7 |'),
(4, 13, '| Abmaj7 | A7 |'),
(4, 14, '| Cmaj7 | Am7 |'),
(4, 15, '| Abmaj7 | Ebmaj7 |'),
(4, 16, '| Bm7b5 | Db7 |'),
(4, 17, '| G7 | Ebmaj7 |'),
(4, 18, '| Db7 | G7 |'),
(4, 19, '| Em7 | F7 |'),
(4, 20, '| Abmaj7 | Ebmaj7 |'),
(4, 21, '| Am7 | G7 |'),
(4, 22, '| Db7 | Bbmaj7 |'),
(4, 23, '| Abmaj7 | Bbmaj7 |'),
(4, 24, '| Am7 | Em7 |'),
(4, 25, '| G7 | Am7 |'),
(4, 26, '| Fmaj7 | Bm7b5 |'),
(4, 27, '| Db7 | Cm7 |'),
(4, 28, '| Db7 | Bbmaj7 |'),
(4, 29, '| Em7 | Fmaj7 |'),
(4, 30, '| Bbmaj7 | D7 |'),
(4, 31, '| Db7 | Am7 |'),
(4, 32, '| D7 | A7 |'),
(5, 1, '| Ebmaj7 | G7 |'),
(5, 2, '| Fmaj7 | Dm7 |'),
(5, 3, '| Am7 | Am7 |'),
(5, 4, '| F7 | Gm7 |'),
(5, 5, '| Fmaj7 | Abmaj7 |'),
(5, 6, '| F7 | A7 |'),
(5, 7, '| Abmaj7 | Cm7 |'),
(5, 8, '| Em7 | Abmaj7 |'),
(5, 9, '| F7 | A7 |'),
(5, 10, '| Dm7 | G7 |'),
(5, 11, '| Bm7b5 | G7 |'),
(5, 12, '| Ebmaj7 | Am7 |'),
(5, 13, '| Cm7 | Cm7 |'),
(5, 14, '| Cmaj7 | Dm7 |'),
(5, 15, '| D7 | Bbmaj7 |'),
(5, 16, '| Am7 | Am7 |'),
(5, 17, '| Bm7b5 | Fmaj7 |'),
(5, 18, '| Am7 | Dm7 |'),
(5, 19, '| F7 | D7 |'),
(5, 20, '| Em7 | G7 |'),
(5, 21, '| Gm7 | Bm7b5 |'),
(5, 22, '| Abmaj7 | Am7 |'),
(5, 23, '| Cm7 | Dm7 |'),
(5, 24, '| Bbmaj7 | D7 |'),
(5, 25, '| G7 | D7 |'),
(5, 26, '| Fmaj7 | G7 |'),
(5, 27, '| Cm7 | Abmaj7 |'),
(5, 28, '| Dm7 | Am7 |'),
(5, 29, '| Cmaj7 | Db7 |'),
(5, 30, '| Ebmaj7 | Em7 |'),
(5, 31, '| Abmaj7 | Cmaj7 |'),
(5, 32, '| Bm7b5 | Cm7 |'),
(6, 1, '| Bbmaj7 | A7 |'),
(6, 2, '| Gm7 | Am7 |'),
(6, 3, '| Bbmaj7 | Bbmaj7 |'),
(6, 4, '| Gm7 | Cmaj7 |'),
(6, 5, '| Bm7b5 | Db7 |'),
(6, 6, '| D7 | Ebmaj7 |'),
(6, 7, '| Db7 | Cm7 |'),
(6, 8, '| Ebmaj7 | Fmaj7 |'),
(7, 1, '| Gm7 | F7 |'),
(7, 2, '| Am7 | G7 |'),
(7, 3, '| Abmaj7 | Am7 |'),
(7, 4, '| Ebmaj7 | Cmaj7 |'),
(7, 5, '| Gm7 | Cm7 |'),
(7, 6, '| Db7 | A7 |'),
(7, 7, '| D7 | Abmaj7 |'),
(7, 8, '| Gm7 | F7 |'),
(8, 1, '| Dm7 | Em7 |'),
(8, 2, '| Ebmaj7 | Fmaj7 |'),
(8, 3, '| Abmaj7 | Abmaj7 |'),
(8, 4, '| Dm7 | Abmaj7 |'),
(8, 5, '| Bm7b5 | Bbmaj7 |'),
(8, 6, '| Cmaj7 | G7 |'),
(8, 7, '| Db7 | Cm7 |'),
(8, 8, '| Abmaj7 | D7 |'),
(8, 9, '| Bbmaj7 | F7 |'),
(8, 10, '| Fmaj7 | Dm7 |'),
(8, 11, '| Bm7b5 | Dm7 |'),
(8, 12, '| D7 | Em7 |'),
(9, 1, '| A7 | Dm7 |'),
(9, 2, '| Cm7 | Dm7 |'),
(9, 3, '| Am7 | Gm7 |'),
(9, 4, '| Cmaj7 | Bm7b5 |'),
(9, 5, '| Abmaj7 | Cm7 |'),
(9, 6, '| Cm7 | Bm7b5 |'),
(9, 7, '| Fmaj7 | Bbmaj7 |'),
(9, 8, '| Bbmaj7 | Db7 |'),
(9, 9, '| Bm7b5 | Bm7b5 |'),
(9, 10, '| Cm7 | Am7 |'),
(9, 11, '| Am7 | Gm7 |'),
(9, 12, '| Em7 | G7 |'),
(9, 13, '| Db7 | Ebmaj7 |'),
(9, 14, '| Gm7 | Db7 |'),
(9, 15, '| Abmaj7 | Bbmaj7 |'),
(9, 16, '| Ebmaj7 | Gm7 |'),
(9, 17, '| Fmaj7 | F7 |'),
(9, 18, '| G7 | Em7 |'),
(9, 19, '| Ebmaj7 | Bbmaj7 |'),
(9, 20, '| Cmaj7 | Dm7 |'),
(9, 21, '| Db7 | G7 |'),
(9, 22, '| Gm7 | A7 |'),
(9, 23, '| Fmaj7 | D7 |'),
(9, 24, '| Am7 | Ebmaj7 |'),
(9, 25, '| Am7 | Abmaj7 |'),
(9, 26, '| G7 | Dm7 |'),
(9, 27, '| Fmaj7 | Dm7 |'),
(9, 28, '| A7 | Bbmaj7 |'),
(9, 29, '| Db7 | Bbmaj7 |'),
(9, 30, '| Cmaj7 | Bm7b5 |'),
(9, 31, '| Dm7 | Am7 |'),
(9, 32, '| A7 | Abmaj7 |'),
(10, 1, '| F7 | F7 |'),
(10, 2, '| Db7 | F7 |'),
(10, 3, '| Dm7 | D7 |'),
(10, 4, '| G7 | Ebmaj7 |'),
(10, 5, '| Am7 | D7 |'),
(10, 6, '| Bbmaj7 | Bm7b5 |'),
(10, 7, '| Ebmaj7 | Dm7 |'),
(10, 8, '| A7 | Cmaj7 |'),
(10, 9, '| Dm7 | Fmaj7 |'),
(10, 10, '| Bbmaj7 | Am7 |'),
(10, 11, '| Bbmaj7 | Cm7 |'),
(10, 12, '| D7 | A7 |'),
(11, 1, '| Abmaj7 | Abmaj7 |'),
(11, 2, '| G7 | Cm7 |'),
(11, 3, '| A7 | Cm7 |'),
(11, 4, '| Fmaj7 | Db7 |'),
(11, 5, '| Bbmaj7 | D7 |'),
(11, 6, '| Cm7 | Am7 |'),
(11, 7, '| Cm7 | A7 |'),
(11, 8, '| G7 | D7 |'),
(11, 9, '| Bm7b5 | Ebmaj7 |'),
(11, 10, '| Cm7 | Gm7 |'),
(11, 11, '| F7 | G7 |'),
(11, 12, '| Db7 | F7 |'),
(12, 1, '| Bm7b5 | Bbmaj7 |'),
(12, 2, '| D7 | Cm7 |'),
(12, 3, '| A7 | Bbmaj7 |'),
(12, 4, '| Fmaj7 | Am7 |'),
(12, 5, '| D7 | Ebmaj7 |'),
(12, 6, '| Am7 | Abmaj7 |'),
(12, 7, '| G7 | Cmaj7 |'),
(12, 8, '| Cm7 | Fmaj7 |'),
(13, 1, '| G7 | Abmaj7 |'),
(13, 2, '| Dm7 | Bm7b5 |'),
(13, 3, '| Cmaj7 | Db7 |'),
(13, 4, '| G7 | Abmaj7 |'),
(13, 5, '| Db7 | Gm7 |'),
(13, 6, '| Em7 | D7 |'),
(13, 7, '| G7 | A7 |'),
(13, 8, '| Abmaj7 | Ebmaj7 |'),
(13, 9, '| Ebmaj7 | Gm7 |'),
(13, 10, '| Db7 | Cmaj7 |'),
(13, 11, '| Cm7 | F7 |'),
(13, 12, '| G7 | D7 |'),
(14, 1, '| Abmaj7 | Bbmaj7 |'),
(14, 2, '| G7 | G7 |'),
(14, 3, '| F7 | Bm7b5 |'),
(14, 4, '| Bm7b5 | Bbmaj7 |'),
(14, 5, '| Abmaj7 | Em7 |'),
(14, 6, '| Fmaj7 | Dm7 |'),
(14, 7, '| Dm7 | Bm7b5 |'),
(14, 8, '| Db7 | Bm7b5 |'),
(15, 1, '| Fmaj7 | D7 |'),
(15, 2, '| Em7 | Cm7 |'),
(15, 3, '| Cmaj7 | D7 |'),
(15, 4, '| Bm7b5 | A7 |'),
(15, 5, '| Fmaj7 | G7 |'),
(15, 6, '| D7 | D7 |'),
(15, 7, '| Bbmaj7 | Am7 |'),
(15, 8, '| A7 | Gm7 |'),
(15, 9, '| Ebmaj7 | Bbmaj7 |'),
(15, 10, '| Bbmaj7 | Bm7b5 |'),
(15, 11, '| Bm7b5 | A7 |'),
(15, 12, '| A7 | F7 |'),
(15, 13, '| Db7 | Bbmaj7 |'),
(15, 14, '| G7 | F7 |'),
(15, 15, '| F7 | G7 |'),
(15, 16, '| Em7 | Am7 |'),
(16, 1, '| Bbmaj7 | Em7 |'),
(16, 2, '| F7 | Gm7 |'),
(16, 3, '| Ebmaj7 | G7 |'),
(16, 4, '| Gm7 | Bbmaj7 |'),
(16, 5, '| Cmaj7 | F7 |'),
(16, 6, '| Fmaj7 | Gm7 |'),
(16, 7, '| Gm7 | A7 |'),
(16, 8, '| G7 | G7 |'),
(17, 1, '| Bm7b5 | G7 |'),
(17, 2, '| Db7 | Em7 |'),
(17, 3, '| Fmaj7 | Em7 |'),
(17, 4, '| Dm7 | Cm7 |'),
(17, 5, '| Db7 | Am7 |'),
(17, 6, '| G7 | Ebmaj7 |'),
(17, 7, '| Abmaj7 | F7 |'),
(17, 8, '| Fmaj7 | Db7 |'),
(17, 9, '| Gm7 | Cmaj7 |'),
(17, 10, '| Cm7 | Bbmaj7 |'),
(17, 11, '| Db7 | G7 |'),
(17, 12, '| Cm7 | Fmaj7 |'),
(17, 13, '| A7 | Ebmaj7 |'),
(17, 14, '| Am7 | F7 |'),
(17, 15, '| Cmaj7 | F7 |'),
(17, 16, '| D7 | Fmaj7 |'),
(17, 17, '| Abmaj7 | Am7 |'),
(17, 18, '| D7 | Am7 |'),
(17, 19, '| Bm7b5 | Cmaj7 |'),
(17, 20, '| F7 | A7 |'),
(17, 21, '| Em7 | Am7 |'),
(17, 22, '| Db7 | G7 |'),
(17, 23, '| Cmaj7 | Bm7b5 |'),
(17, 24, '| Db7 | Cmaj7 |'),
(17, 25, '| Bbmaj7 | F7 |'),
(17, 26, '| F7 | Cm7 |'),
(17, 27, '| Bbmaj7 | Dm7 |'),
(17, 28, '| Am7 | Cm7 |'),
(17, 29, '| Em7 | Fmaj7 |'),
(17, 30, '| Bbmaj7 | Dm7 |'),
(17, 31, '| Bm7b5 | Dm7 |'),
(17, 32, '| Bbmaj7 | Db7 |'),
(18, 1, '| Ebmaj7 | Abmaj7 |'),
(18, 2, '| Am7 | Abmaj7 |'),
(18, 3, '| Bm7b5 | A7 |'),
(18, 4, '| Fmaj7 | F7 |'),
(18, 5, '| Abmaj7 | Ebmaj7 |'),
(18, 6, '| Dm7 | D7 |'),
(18, 7, '| Am7 | D7 |'),
(18, 8, '| Ebmaj7 | Db7 |'),
(18, 9, '| Gm7 | Gm7 |'),
(18, 10, '| Cm7 | A7 |'),
(18, 11, '| F7 | Gm7 |'),
(18, 12, '| Cm7 | A7 |'),
(18, 13, '| Am7 | Bbmaj7 |'),
(18, 14, '| Cmaj7 | Em7 |'),
(18, 15, '| Em7 | Dm7 |'),
(18, 16, '| Dm7 | Dm7 |'),
(18, 17, '| A7 | Db7 |'),
(18, 18, '| F7 | Gm7 |'),
(18, 19, '| Dm7 | Db7 |'),
(18, 20, '| Abmaj7 | Ebmaj7 |'),
(18, 21, '| Dm7 | Dm7 |'),
(18, 22, '| Gm7 | Dm7 |'),
(18, 23, '| Db7 | Abmaj7 |'),
(18, 24, '| A7 | Em7 |'),
(18, 25, '| A7 | Fmaj7 |'),
(18, 26, '| Abmaj7 | Fmaj7 |'),
(18, 27, '| Abmaj7 | Bm7b5 |'),
(18, 28, '| Cmaj7 | Bm7b5 |'),
(18, 29, '| D7 | D7 |'),
(18, 30, '| Cm7 | Abmaj7 |'),
(18, 31, '| Bm7b5 | G7 |'),
(18, 32, '| G7 | Fmaj7 |'),
(19, 1, '| Cm7 | F7 |'),
(19, 2, '| Gm7 | Dm7 |'),
(19, 3, '| Em7 | Gm7 |'),
(19, 4, '| Fmaj7 | Cmaj7 |'),
(19, 5, '| Em7 | Ebmaj7 |'),
(19, 6, '| Fmaj7 | Bm7b5 |'),
(19, 7, '| Db7 | Em7 |'),
(19, 8, '| Cmaj7 | G7 |'),
(19, 9, '| F7 | Cm7 |'),
(19, 10, '| A7 | Bbmaj7 |'),
(19, 11, '| D7 | Abmaj7 |'),
(19, 12, '| Fmaj7 | Bm7b5 |'),
(19, 13, '| Am7 | Bm7b5 |'),
(19, 14, '| Am7 | Bm7b5 |'),
(19, 15, '| Db7 | D7 |'),
(19, 16, '| G7 | Dm7 |'),
(20, 1, '| Bm7b5 | Am7 |'),
(20, 2, '| Cmaj7 | Gm7 |'),
(20, 3, '| Bbmaj7 | Fmaj7 |'),
(20, 4, '| Fmaj7 | Bbmaj7 |'),
(20, 5, '| Abmaj7 | Bbmaj7 |'),
(20, 6, '| Em7 | Bbmaj7 |'),
(20, 7, '| Gm7 | Ebmaj7 |'),
(20, 8, '| Gm7 | Am7 |'),
(20, 9, '| Db7 | Cm7 |'),
(20, 10, '| Db7 | Fmaj7 |'),
(20, 11, '| Cmaj7 | A7 |'),
(20, 12, '| Db7 | A7 |'),
(20, 13, '| Gm7 | Abmaj7 |'),
(20, 14, '| Abmaj7 | A7 |'),
(20, 15, '| Abmaj7 | Cmaj7 |'),
(20, 16, '| Em7 | Ebmaj7 |'),
(20, 17, '| Ebmaj7 | Gm7 |'),
(20, 18, '| Am7 | Dm7 |'),
(20, 19, '| Db7 | D7 |'),
(20, 20, '| Em7 | Bbmaj7 |'),
(20, 21, '| Abmaj7 | Fmaj7 |'),
(20, 22, '| D7 | Fmaj7 |'),
(20, 23, '| Abmaj7 | Bm7b5 |'),
(20, 24, '| Cmaj7 | Cmaj7 |'),
(20, 25, '| Fmaj7 | Bbmaj7 |'),
(20, 26, '| Bbmaj7 | Cmaj7 |'),
(20, 27, '| G7 | Cm7 |'),
(20, 28, '| Ebmaj7 | Fmaj7 |'),
(20, 29, '| Gm7 | Cm7 |'),
(20, 30, '| Cm7 | Fmaj7 |'),
(20, 31, '| F7 | Fmaj7 |'),
(20, 32, '| Fmaj7 | Ebmaj7 |'),
(21, 1, '| Cm7 | Gm7 |'),
(21, 2, '| Cm7 | G7 |'),
(21, 3, '| F7 | Db7 |'),
(21, 4, '| Bm7b5 | Abmaj7 |'),
(21, 5, '| Bbmaj7 | Cmaj7 |'),
(21, 6, '| Fmaj7 | Db7 |'),
(21, 7, '| Ebmaj7 | Ebmaj7 |'),
(21, 8, '| Cm7 | Gm7 |'),
(21, 9, '| G7 | G7 |'),
(21, 10, '| D7 | Dm7 |'),
(21, 11, '| Bbmaj7 | Em7 |'),
(21, 12, '| Cmaj7 | Ebmaj7 |'),
(22, 1, '| Bbmaj7 | F7 |'),
(22, 2, '| F7 | G7 |'),
(22, 3, '| Abmaj7 | F7 |'),
(22, 4, '| Cmaj7 | Gm7 |'),
(22, 5, '| Dm7 | Bm7b5 |'),
(22, 6, '| G7 | Cmaj7 |'),
(22, 7, '| Cm7 | Am7 |'),
(22, 8, '| Ebmaj7 | A7 |'),
(22, 9, '| Bm7b5 | A7 |'),
(22, 10, '| F7 | G7 |'),
(22, 11, '| Dm7 | Am7 |'),
(22, 12, '| Bm7b5 | Em7 |'),
(22, 13, '| Ebmaj7 | Abmaj7 |'),
(22, 14, '| Bbmaj7 | A7 |'),
(22, 15, '| Bm7b5 | Bbmaj7 |'),
(22, 16, '| D7 | Gm7 |'),
(23, 1, '| Bbmaj7 | Cmaj7 |'),
(23, 2, '| Ebmaj7 | Cmaj7 |'),
(23, 3, '| Cm7 | Abmaj7 |'),
(23, 4, '| Gm7 | Fmaj7 |'),
(23, 5, '| Am7 | D7 |'),
(23, 6, '| Bm7b5 | Abmaj7 |'),
(23, 7, '| Cm7 | Ebmaj7 |'),
(23, 8, '| Cmaj7 | Abmaj7 |'),
(23, 9, '| Bbmaj7 | G7 |'),
(23, 10, '| Db7 | Ebmaj7 |'),
(23, 11, '| Bbmaj7 | Em7 |'),
(23, 12, '| A7 | A7 |'),
(23, 13, '| Bm7b5 | Db7 |'),
(23, 14, '| Cm7 | Bm7b5 |'),
(23, 15, '| G7 | A7 |'),
(23, 16, '| Ebmaj7 | Db7 |'),
(24, 1, '| Cmaj7 | Fmaj7 |'),
(24, 2, '| Em7 | Em7 |'),
(24, 3, '| D7 | Gm7 |'),
(24, 4, '| Ebmaj7 | Db7 |'),
(24, 5, '| D7 | Cmaj7 |'),
(24, 6, '| D7 | Db7 |'),
(24, 7, '| D7 | A7 |'),
(24, 8, '| Em7 | Cmaj7 |'),
(24, 9, '| Bbmaj7 | Am7 |'),
(24, 10, '| Em7 | Cmaj7 |'),
(24, 11, '| F7 | Fmaj7 |'),
(24, 12, '| Am7 | Bm7b5 |');

INSERT INTO mesure (id_grille, numero_mesure, contenu_mesure) VALUES
(25, 1, '| Dm7 | F7 |'),
(25, 2, '| Cmaj7 | Am7 |'),
(25, 3, '| Fmaj7 | A7 |'),
(25, 4, '| D7 | G7 |'),
(25, 5, '| Fmaj7 | A7 |'),
(25, 6, '| Bm7b5 | Db7 |'),
(25, 7, '| Gm7 | F7 |'),
(25, 8, '| Am7 | Dm7 |'),
(25, 9, '| Cm7 | Db7 |'),
(25, 10, '| Db7 | Ebmaj7 |'),
(25, 11, '| Cmaj7 | Am7 |'),
(25, 12, '| Am7 | Bm7b5 |'),
(26, 1, '| Am7 | A7 |'),
(26, 2, '| Cmaj7 | Dm7 |'),
(26, 3, '| Db7 | Fmaj7 |'),
(26, 4, '| Dm7 | G7 |'),
(26, 5, '| Cm7 | Bbmaj7 |'),
(26, 6, '| Db7 | Db7 |'),
(26, 7, '| G7 | Abmaj7 |'),
(26, 8, '| Db7 | Db7 |'),
(26, 9, '| Bm7b5 | Cmaj7 |'),
(26, 10, '| Bm7b5 | Bbmaj7 |'),
(26, 11, '| Fmaj7 | Ebmaj7 |'),
(26, 12, '| Abmaj7 | Cm7 |'),
(26, 13, '| Dm7 | Gm7 |'),
(26, 14, '| Db7 | F7 |'),
(26, 15, '| G7 | F7 |'),
(26, 16, '| A7 | Db7 |'),
(27, 1, '| A7 | Bbmaj7 |'),
(27, 2, '| Db7 | A7 |'),
(27, 3, '| F7 | Bm7b5 |'),
(27, 4, '| Fmaj7 | Cmaj7 |'),
(27, 5, '| Dm7 | Abmaj7 |'),
(27, 6, '| A7 | A7 |'),
(27, 7, '| Cm7 | G7 |'),
(27, 8, '| Abmaj7 | Cmaj7 |'),
(27, 9, '| Bbmaj7 | Bm7b5 |'),
(27, 10, '| Abmaj7 | Cmaj7 |'),
(27, 11, '| Ebmaj7 | Dm7 |'),
(27, 12, '| Fmaj7 | Abmaj7 |'),
(27, 13, '| F7 | D7 |'),
(27, 14, '| A7 | Abmaj7 |'),
(27, 15, '| Ebmaj7 | Abmaj7 |'),
(27, 16, '| G7 | Cmaj7 |'),
(28, 1, '| Em7 | Cmaj7 |'),
(28, 2, '| Abmaj7 | Ebmaj7 |'),
(28, 3, '| Cmaj7 | Cmaj7 |'),
(28, 4, '| Bbmaj7 | Em7 |'),
(28, 5, '| Fmaj7 | Em7 |'),
(28, 6, '| A7 | Dm7 |'),
(28, 7, '| Ebmaj7 | Am7 |'),
(28, 8, '| Dm7 | Am7 |'),
(28, 9, '| Db7 | Ebmaj7 |'),
(28, 10, '| Ebmaj7 | A7 |'),
(28, 11, '| Em7 | G7 |'),
(28, 12, '| Gm7 | Em7 |'),
(29, 1, '| Fmaj7 | A7 |'),
(29, 2, '| D7 | Fmaj7 |'),
(29, 3, '| Dm7 | Cmaj7 |'),
(29, 4, '| Db7 | Bm7b5 |'),
(29, 5, '| G7 | Bbmaj7 |'),
(29, 6, '| A7 | Dm7 |'),
(29, 7, '| Ebmaj7 | Gm7 |'),
(29, 8, '| A7 | G7 |'),
(29, 9, '| Cm7 | G7 |'),
(29, 10, '| Em7 | Am7 |'),
(29, 11, '| Ebmaj7 | Gm7 |'),
(29, 12, '| Em7 | Gm7 |'),
(29, 13, '| Db7 | Cmaj7 |'),
(29, 14, '| Bbmaj7 | D7 |'),
(29, 15, '| Gm7 | F7 |'),
(29, 16, '| Em7 | D7 |'),
(30, 1, '| Cmaj7 | Ebmaj7 |'),
(30, 2, '| Em7 | Dm7 |'),
(30, 3, '| Abmaj7 | Gm7 |'),
(30, 4, '| A7 | D7 |'),
(30, 5, '| A7 | F7 |'),
(30, 6, '| D7 | Ebmaj7 |'),
(30, 7, '| Db7 | Ebmaj7 |'),
(30, 8, '| G7 | F7 |'),
(30, 9, '| A7 | Bbmaj7 |'),
(30, 10, '| Am7 | Db7 |'),
(30, 11, '| Cmaj7 | Abmaj7 |'),
(30, 12, '| Db7 | Db7 |'),
(30, 13, '| Abmaj7 | Abmaj7 |'),
(30, 14, '| F7 | Am7 |'),
(30, 15, '| Gm7 | Cm7 |'),
(30, 16, '| Am7 | D7 |'),
(31, 1, '| F7 | Ebmaj7 |'),
(31, 2, '| Bbmaj7 | Dm7 |'),
(31, 3, '| Ebmaj7 | Gm7 |'),
(31, 4, '| Db7 | Em7 |'),
(31, 5, '| G7 | Em7 |'),
(31, 6, '| Em7 | Em7 |'),
(31, 7, '| G7 | Am7 |'),
(31, 8, '| Cm7 | Cm7 |'),
(31, 9, '| Cm7 | A7 |'),
(31, 10, '| Ebmaj7 | Am7 |'),
(31, 11, '| A7 | Dm7 |'),
(31, 12, '| Em7 | Bbmaj7 |'),
(31, 13, '| Ebmaj7 | G7 |'),
(31, 14, '| Cmaj7 | Fmaj7 |'),
(31, 15, '| Fmaj7 | Db7 |'),
(31, 16, '| Fmaj7 | Cmaj7 |'),
(31, 17, '| Bm7b5 | Db7 |'),
(31, 18, '| G7 | Bm7b5 |'),
(31, 19, '| Fmaj7 | Db7 |'),
(31, 20, '| G7 | Dm7 |'),
(31, 21, '| Cm7 | Fmaj7 |'),
(31, 22, '| D7 | Cmaj7 |'),
(31, 23, '| Cmaj7 | F7 |'),
(31, 24, '| Cmaj7 | Em7 |'),
(31, 25, '| Em7 | Db7 |'),
(31, 26, '| Abmaj7 | Fmaj7 |'),
(31, 27, '| Dm7 | Bbmaj7 |'),
(31, 28, '| Db7 | Dm7 |'),
(31, 29, '| D7 | A7 |'),
(31, 30, '| Db7 | Abmaj7 |'),
(31, 31, '| Gm7 | Ebmaj7 |'),
(31, 32, '| Db7 | Am7 |'),
(32, 1, '| Em7 | Am7 |'),
(32, 2, '| Fmaj7 | Gm7 |'),
(32, 3, '| Bbmaj7 | F7 |'),
(32, 4, '| Cm7 | Gm7 |'),
(32, 5, '| Ebmaj7 | A7 |'),
(32, 6, '| Em7 | Gm7 |'),
(32, 7, '| Bm7b5 | Db7 |'),
(32, 8, '| F7 | Db7 |'),
(32, 9, '| Am7 | Em7 |'),
(32, 10, '| Ebmaj7 | Dm7 |'),
(32, 11, '| Am7 | Gm7 |'),
(32, 12, '| Em7 | Dm7 |'),
(32, 13, '| Ebmaj7 | Db7 |'),
(32, 14, '| G7 | Abmaj7 |'),
(32, 15, '| Gm7 | Cmaj7 |'),
(32, 16, '| D7 | Gm7 |'),
(33, 1, '| Dm7 | Am7 |'),
(33, 2, '| Am7 | Em7 |'),
(33, 3, '| Fmaj7 | Db7 |'),
(33, 4, '| D7 | Fmaj7 |'),
(33, 5, '| Ebmaj7 | Cmaj7 |'),
(33, 6, '| Cm7 | A7 |'),
(33, 7, '| G7 | Ebmaj7 |'),
(33, 8, '| Ebmaj7 | Ebmaj7 |'),
(33, 9, '| Em7 | A7 |'),
(33, 10, '| Cmaj7 | D7 |'),
(33, 11, '| G7 | Em7 |'),
(33, 12, '| G7 | Bbmaj7 |'),
(34, 1, '| A7 | Em7 |'),
(34, 2, '| A7 | Ebmaj7 |'),
(34, 3, '| Db7 | Fmaj7 |'),
(34, 4, '| Db7 | Fmaj7 |'),
(34, 5, '| Fmaj7 | Db7 |'),
(34, 6, '| Ebmaj7 | Gm7 |'),
(34, 7, '| Bbmaj7 | F7 |'),
(34, 8, '| Bbmaj7 | Am7 |'),
(34, 9, '| D7 | Db7 |'),
(34, 10, '| Ebmaj7 | Em7 |'),
(34, 11, '| A7 | Db7 |'),
(34, 12, '| G7 | Abmaj7 |'),
(34, 13, '| D7 | Fmaj7 |'),
(34, 14, '| Gm7 | Am7 |'),
(34, 15, '| Ebmaj7 | Abmaj7 |'),
(34, 16, '| Fmaj7 | Abmaj7 |'),
(35, 1, '| F7 | Em7 |'),
(35, 2, '| Db7 | Cmaj7 |'),
(35, 3, '| F7 | Dm7 |'),
(35, 4, '| D7 | A7 |'),
(35, 5, '| F7 | Dm7 |'),
(35, 6, '| Gm7 | Dm7 |'),
(35, 7, '| Cm7 | Cmaj7 |'),
(35, 8, '| Db7 | Em7 |'),
(35, 9, '| Fmaj7 | A7 |'),
(35, 10, '| Ebmaj7 | Am7 |'),
(35, 11, '| G7 | G7 |'),
(35, 12, '| Db7 | Abmaj7 |'),
(35, 13, '| F7 | A7 |'),
(35, 14, '| G7 | Abmaj7 |'),
(35, 15, '| Db7 | Am7 |'),
(35, 16, '| Bbmaj7 | Em7 |'),
(35, 17, '| Bbmaj7 | Dm7 |'),
(35, 18, '| Gm7 | Gm7 |'),
(35, 19, '| Abmaj7 | Fmaj7 |'),
(35, 20, '| Abmaj7 | A7 |'),
(35, 21, '| Abmaj7 | Abmaj7 |'),
(35, 22, '| Ebmaj7 | Cm7 |'),
(35, 23, '| Cmaj7 | Bm7b5 |'),
(35, 24, '| Cmaj7 | Bm7b5 |'),
(35, 25, '| Em7 | Cm7 |'),
(35, 26, '| Bbmaj7 | Gm7 |'),
(35, 27, '| Gm7 | Ebmaj7 |'),
(35, 28, '| G7 | A7 |'),
(35, 29, '| A7 | Em7 |'),
(35, 30, '| Cmaj7 | Gm7 |'),
(35, 31, '| Bm7b5 | Gm7 |'),
(35, 32, '| Dm7 | Cm7 |'),
(36, 1, '| Ebmaj7 | Bbmaj7 |'),
(36, 2, '| Ebmaj7 | G7 |'),
(36, 3, '| Bm7b5 | G7 |'),
(36, 4, '| Dm7 | Db7 |'),
(36, 5, '| Fmaj7 | F7 |'),
(36, 6, '| Fmaj7 | Cm7 |'),
(36, 7, '| Db7 | D7 |'),
(36, 8, '| Db7 | Dm7 |'),
(36, 9, '| Abmaj7 | A7 |'),
(36, 10, '| Db7 | Cmaj7 |'),
(36, 11, '| Em7 | Db7 |'),
(36, 12, '| Db7 | A7 |'),
(36, 13, '| D7 | Db7 |'),
(36, 14, '| Am7 | Bm7b5 |'),
(36, 15, '| Gm7 | Dm7 |'),
(36, 16, '| Dm7 | D7 |'),
(37, 1, '| Bm7b5 | Cm7 |'),
(37, 2, '| F7 | Bbmaj7 |'),
(37, 3, '| Bm7b5 | Ebmaj7 |'),
(37, 4, '| Dm7 | Bm7b5 |'),
(37, 5, '| Gm7 | Cm7 |'),
(37, 6, '| Abmaj7 | G7 |'),
(37, 7, '| A7 | Db7 |'),
(37, 8, '| Gm7 | Bbmaj7 |'),
(37, 9, '| F7 | Bm7b5 |'),
(37, 10, '| Bm7b5 | Em7 |'),
(37, 11, '| Bbmaj7 | Cm7 |'),
(37, 12, '| G7 | D7 |'),
(37, 13, '| F7 | F7 |'),
(37, 14, '| Fmaj7 | A7 |'),
(37, 15, '| Db7 | Db7 |'),
(37, 16, '| Fmaj7 | Gm7 |'),
(37, 17, '| Cmaj7 | Ebmaj7 |'),
(37, 18, '| Ebmaj7 | A7 |'),
(37, 19, '| A7 | Db7 |'),
(37, 20, '| Abmaj7 | Fmaj7 |'),
(37, 21, '| Abmaj7 | Db7 |'),
(37, 22, '| Bbmaj7 | Fmaj7 |'),
(37, 23, '| G7 | Am7 |'),
(37, 24, '| Dm7 | Bbmaj7 |'),
(37, 25, '| Em7 | Dm7 |'),
(37, 26, '| Am7 | Gm7 |'),
(37, 27, '| Am7 | D7 |'),
(37, 28, '| G7 | D7 |'),
(37, 29, '| Am7 | A7 |'),
(37, 30, '| G7 | Am7 |'),
(37, 31, '| F7 | Bm7b5 |'),
(37, 32, '| Bbmaj7 | A7 |'),
(38, 1, '| Dm7 | Abmaj7 |'),
(38, 2, '| Em7 | Cm7 |'),
(38, 3, '| Db7 | Gm7 |'),
(38, 4, '| Bm7b5 | F7 |'),
(38, 5, '| Cm7 | Ebmaj7 |'),
(38, 6, '| Bm7b5 | Cmaj7 |'),
(38, 7, '| Db7 | Bm7b5 |'),
(38, 8, '| Abmaj7 | Cmaj7 |'),
(38, 9, '| F7 | Bbmaj7 |'),
(38, 10, '| Bm7b5 | Ebmaj7 |'),
(38, 11, '| Cm7 | Bbmaj7 |'),
(38, 12, '| Cm7 | A7 |'),
(38, 13, '| Fmaj7 | Abmaj7 |'),
(38, 14, '| Bm7b5 | Ebmaj7 |'),
(38, 15, '| A7 | Cm7 |'),
(38, 16, '| Gm7 | Dm7 |'),
(39, 1, '| Abmaj7 | Cm7 |'),
(39, 2, '| Ebmaj7 | D7 |'),
(39, 3, '| Db7 | Fmaj7 |'),
(39, 4, '| Am7 | Em7 |'),
(39, 5, '| G7 | D7 |'),
(39, 6, '| A7 | Cm7 |'),
(39, 7, '| Fmaj7 | G7 |'),
(39, 8, '| A7 | A7 |'),
(39, 9, '| Am7 | Gm7 |'),
(39, 10, '| D7 | Bm7b5 |'),
(39, 11, '| Bbmaj7 | Cmaj7 |'),
(39, 12, '| Gm7 | Fmaj7 |'),
(40, 1, '| Abmaj7 | Bbmaj7 |'),
(40, 2, '| Am7 | Cm7 |'),
(40, 3, '| Fmaj7 | A7 |'),
(40, 4, '| Gm7 | Db7 |'),
(40, 5, '| A7 | Ebmaj7 |'),
(40, 6, '| Am7 | Bm7b5 |'),
(40, 7, '| Fmaj7 | Am7 |'),
(40, 8, '| Cmaj7 | F7 |'),
(40, 9, '| F7 | Cm7 |'),
(40, 10, '| Am7 | G7 |'),
(40, 11, '| Gm7 | D7 |'),
(40, 12, '| G7 | Db7 |'),
(41, 1, '| Cm7 | Dm7 |'),
(41, 2, '| Bm7b5 | A7 |'),
(41, 3, '| D7 | Fmaj7 |'),
(41, 4, '| D7 | D7 |'),
(41, 5, '| G7 | Am7 |'),
(41, 6, '| Db7 | Ebmaj7 |'),
(41, 7, '| Abmaj7 | Fmaj7 |'),
(41, 8, '| Cmaj7 | Ebmaj7 |'),
(41, 9, '| Db7 | Cmaj7 |'),
(41, 10, '| Am7 | F7 |'),
(41, 11, '| Bbmaj7 | Cmaj7 |'),
(41, 12, '| Ebmaj7 | Db7 |'),
(41, 13, '| D7 | Bbmaj7 |'),
(41, 14, '| G7 | Cm7 |'),
(41, 15, '| Em7 | F7 |'),
(41, 16, '| Gm7 | A7 |'),
(42, 1, '| Abmaj7 | Db7 |'),
(42, 2, '| G7 | Am7 |'),
(42, 3, '| F7 | Dm7 |'),
(42, 4, '| F7 | F7 |'),
(42, 5, '| Ebmaj7 | Gm7 |'),
(42, 6, '| Abmaj7 | Cm7 |'),
(42, 7, '| Em7 | Ebmaj7 |'),
(42, 8, '| Am7 | Cm7 |'),
(42, 9, '| Fmaj7 | A7 |'),
(42, 10, '| Ebmaj7 | Am7 |'),
(42, 11, '| D7 | Dm7 |'),
(42, 12, '| Abmaj7 | Bbmaj7 |'),
(42, 13, '| Fmaj7 | Dm7 |'),
(42, 14, '| Dm7 | F7 |'),
(42, 15, '| Bm7b5 | Bbmaj7 |'),
(42, 16, '| Db7 | Fmaj7 |'),
(43, 1, '| Bbmaj7 | Bbmaj7 |'),
(43, 2, '| Ebmaj7 | Ebmaj7 |'),
(43, 3, '| Bm7b5 | D7 |'),
(43, 4, '| Db7 | D7 |'),
(43, 5, '| Cm7 | Abmaj7 |'),
(43, 6, '| Bm7b5 | Db7 |'),
(43, 7, '| F7 | G7 |'),
(43, 8, '| G7 | Am7 |'),
(43, 9, '| G7 | Bbmaj7 |'),
(43, 10, '| Cmaj7 | Am7 |'),
(43, 11, '| Cm7 | A7 |'),
(43, 12, '| D7 | Em7 |'),
(43, 13, '| Cm7 | D7 |'),
(43, 14, '| Bm7b5 | Dm7 |'),
(43, 15, '| Bm7b5 | Em7 |'),
(43, 16, '| Fmaj7 | Ebmaj7 |'),
(44, 1, '| F7 | A7 |'),
(44, 2, '| Bbmaj7 | Gm7 |'),
(44, 3, '| Db7 | Ebmaj7 |'),
(44, 4, '| Ebmaj7 | Gm7 |'),
(44, 5, '| G7 | Gm7 |'),
(44, 6, '| Abmaj7 | Fmaj7 |'),
(44, 7, '| Em7 | Cm7 |'),
(44, 8, '| Bm7b5 | Bbmaj7 |'),
(44, 9, '| Dm7 | G7 |'),
(44, 10, '| Fmaj7 | Cm7 |'),
(44, 11, '| Cm7 | Db7 |'),
(44, 12, '| F7 | Cm7 |'),
(45, 1, '| Fmaj7 | F7 |'),
(45, 2, '| Dm7 | D7 |'),
(45, 3, '| Am7 | D7 |'),
(45, 4, '| Bbmaj7 | Fmaj7 |'),
(45, 5, '| Em7 | F7 |'),
(45, 6, '| Db7 | Bm7b5 |'),
(45, 7, '| Cmaj7 | Am7 |'),
(45, 8, '| Ebmaj7 | Cm7 |'),
(45, 9, '| G7 | Ebmaj7 |'),
(45, 10, '| Bm7b5 | D7 |'),
(45, 11, '| Cm7 | Dm7 |'),
(45, 12, '| Bbmaj7 | Ebmaj7 |'),
(45, 13, '| Ebmaj7 | D7 |'),
(45, 14, '| Fmaj7 | Fmaj7 |'),
(45, 15, '| Db7 | Bm7b5 |'),
(45, 16, '| A7 | Abmaj7 |'),
(46, 1, '| Bbmaj7 | Gm7 |'),
(46, 2, '| Gm7 | Cm7 |'),
(46, 3, '| D7 | Cm7 |'),
(46, 4, '| Am7 | A7 |'),
(46, 5, '| G7 | Ebmaj7 |'),
(46, 6, '| Bm7b5 | Cm7 |'),
(46, 7, '| Db7 | Cm7 |'),
(46, 8, '| Dm7 | F7 |'),
(47, 1, '| Gm7 | Am7 |'),
(47, 2, '| Am7 | Em7 |'),
(47, 3, '| Gm7 | F7 |'),
(47, 4, '| Ebmaj7 | Dm7 |'),
(47, 5, '| Bm7b5 | D7 |'),
(47, 6, '| Cmaj7 | Bbmaj7 |'),
(47, 7, '| G7 | Abmaj7 |'),
(47, 8, '| G7 | Bm7b5 |'),
(48, 1, '| Cmaj7 | Bm7b5 |'),
(48, 2, '| Bbmaj7 | Bm7b5 |'),
(48, 3, '| F7 | Fmaj7 |'),
(48, 4, '| Am7 | Am7 |'),
(48, 5, '| A7 | Cm7 |'),
(48, 6, '| Bm7b5 | Abmaj7 |'),
(48, 7, '| Bm7b5 | Bm7b5 |'),
(48, 8, '| F7 | Db7 |'),
(48, 9, '| F7 | Dm7 |'),
(48, 10, '| Abmaj7 | Cm7 |'),
(48, 11, '| Em7 | Db7 |'),
(48, 12, '| Db7 | D7 |'),
(48, 13, '| Bm7b5 | Dm7 |'),
(48, 14, '| F7 | Gm7 |'),
(48, 15, '| Em7 | Gm7 |'),
(48, 16, '| G7 | D7 |'),
(49, 1, '| Fmaj7 | Bm7b5 |'),
(49, 2, '| Gm7 | Cmaj7 |'),
(49, 3, '| Db7 | Am7 |'),
(49, 4, '| D7 | G7 |'),
(49, 5, '| D7 | F7 |'),
(49, 6, '| Dm7 | Gm7 |'),
(49, 7, '| G7 | Cmaj7 |'),
(49, 8, '| Abmaj7 | Abmaj7 |');

INSERT INTO mesure (id_grille, numero_mesure, contenu_mesure) VALUES
(50, 1, '| Gm7 | F7 |'),
(50, 2, '| Em7 | Db7 |'),
(50, 3, '| Fmaj7 | Bbmaj7 |'),
(50, 4, '| Gm7 | Em7 |'),
(50, 5, '| Bm7b5 | Abmaj7 |'),
(50, 6, '| Ebmaj7 | Bm7b5 |'),
(50, 7, '| Cmaj7 | Abmaj7 |'),
(50, 8, '| Am7 | Abmaj7 |'),
(50, 9, '| F7 | Cm7 |'),
(50, 10, '| Ebmaj7 | Cmaj7 |'),
(50, 11, '| Em7 | G7 |'),
(50, 12, '| Bbmaj7 | Dm7 |'),
(50, 13, '| F7 | Bbmaj7 |'),
(50, 14, '| Cm7 | D7 |'),
(50, 15, '| F7 | Cmaj7 |'),
(50, 16, '| Ebmaj7 | Ebmaj7 |'),
(50, 17, '| Cm7 | Am7 |'),
(50, 18, '| Am7 | Abmaj7 |'),
(50, 19, '| Ebmaj7 | Db7 |'),
(50, 20, '| A7 | D7 |'),
(50, 21, '| Cmaj7 | A7 |'),
(50, 22, '| Bm7b5 | Db7 |'),
(50, 23, '| Bm7b5 | Bbmaj7 |'),
(50, 24, '| A7 | Db7 |'),
(50, 25, '| Dm7 | Abmaj7 |'),
(50, 26, '| Am7 | Cmaj7 |'),
(50, 27, '| Em7 | Em7 |'),
(50, 28, '| D7 | Bbmaj7 |'),
(50, 29, '| Fmaj7 | Cm7 |'),
(50, 30, '| Db7 | Db7 |'),
(50, 31, '| Abmaj7 | Db7 |'),
(50, 32, '| Am7 | Bm7b5 |'),
(51, 1, '| Fmaj7 | G7 |'),
(51, 2, '| G7 | Ebmaj7 |'),
(51, 3, '| Bm7b5 | D7 |'),
(51, 4, '| Bbmaj7 | A7 |'),
(51, 5, '| G7 | Fmaj7 |'),
(51, 6, '| Bbmaj7 | Ebmaj7 |'),
(51, 7, '| Db7 | G7 |'),
(51, 8, '| Gm7 | D7 |'),
(51, 9, '| A7 | A7 |'),
(51, 10, '| Fmaj7 | Ebmaj7 |'),
(51, 11, '| A7 | Ebmaj7 |'),
(51, 12, '| A7 | Fmaj7 |'),
(51, 13, '| Db7 | G7 |'),
(51, 14, '| G7 | Cm7 |'),
(51, 15, '| A7 | G7 |'),
(51, 16, '| G7 | F7 |'),
(51, 17, '| D7 | Db7 |'),
(51, 18, '| Am7 | Bm7b5 |'),
(51, 19, '| Em7 | Gm7 |'),
(51, 20, '| Db7 | Abmaj7 |'),
(51, 21, '| Fmaj7 | Cmaj7 |'),
(51, 22, '| F7 | Cm7 |'),
(51, 23, '| Cmaj7 | Fmaj7 |'),
(51, 24, '| Abmaj7 | Bm7b5 |'),
(51, 25, '| Gm7 | Fmaj7 |'),
(51, 26, '| A7 | Gm7 |'),
(51, 27, '| Abmaj7 | Em7 |'),
(51, 28, '| Am7 | Cm7 |'),
(51, 29, '| G7 | Am7 |'),
(51, 30, '| Bm7b5 | Bm7b5 |'),
(51, 31, '| Am7 | Db7 |'),
(51, 32, '| A7 | Abmaj7 |'),
(52, 1, '| Dm7 | Em7 |'),
(52, 2, '| A7 | Cmaj7 |'),
(52, 3, '| Cm7 | Dm7 |'),
(52, 4, '| Bbmaj7 | Am7 |'),
(52, 5, '| Bm7b5 | Cm7 |'),
(52, 6, '| Ebmaj7 | Db7 |'),
(52, 7, '| Bbmaj7 | Cm7 |'),
(52, 8, '| Abmaj7 | Dm7 |'),
(52, 9, '| D7 | Am7 |'),
(52, 10, '| A7 | A7 |'),
(52, 11, '| D7 | Abmaj7 |'),
(52, 12, '| Cm7 | A7 |'),
(52, 13, '| D7 | Cmaj7 |'),
(52, 14, '| Cm7 | Dm7 |'),
(52, 15, '| Em7 | Gm7 |'),
(52, 16, '| Em7 | F7 |'),
(52, 17, '| Bm7b5 | Fmaj7 |'),
(52, 18, '| Db7 | Cmaj7 |'),
(52, 19, '| Db7 | Cm7 |'),
(52, 20, '| F7 | F7 |'),
(52, 21, '| Db7 | Bbmaj7 |'),
(52, 22, '| A7 | Bm7b5 |'),
(52, 23, '| G7 | D7 |'),
(52, 24, '| Abmaj7 | Em7 |'),
(52, 25, '| D7 | Abmaj7 |'),
(52, 26, '| Bbmaj7 | Gm7 |'),
(52, 27, '| Am7 | Gm7 |'),
(52, 28, '| D7 | Bm7b5 |'),
(52, 29, '| Em7 | Bm7b5 |'),
(52, 30, '| A7 | A7 |'),
(52, 31, '| F7 | Ebmaj7 |'),
(52, 32, '| Am7 | Cmaj7 |'),
(53, 1, '| Ebmaj7 | Abmaj7 |'),
(53, 2, '| Am7 | Gm7 |'),
(53, 3, '| Bm7b5 | A7 |'),
(53, 4, '| A7 | Am7 |'),
(53, 5, '| A7 | Dm7 |'),
(53, 6, '| Gm7 | Db7 |'),
(53, 7, '| Dm7 | D7 |'),
(53, 8, '| A7 | D7 |'),
(54, 1, '| D7 | F7 |'),
(54, 2, '| Cmaj7 | Em7 |'),
(54, 3, '| Abmaj7 | Am7 |'),
(54, 4, '| A7 | Ebmaj7 |'),
(54, 5, '| G7 | F7 |'),
(54, 6, '| Bbmaj7 | Cm7 |'),
(54, 7, '| Am7 | Cmaj7 |'),
(54, 8, '| Db7 | Cm7 |'),
(54, 9, '| Am7 | F7 |'),
(54, 10, '| Fmaj7 | Dm7 |'),
(54, 11, '| Cm7 | Gm7 |'),
(54, 12, '| Am7 | Cm7 |'),
(55, 1, '| Ebmaj7 | Ebmaj7 |'),
(55, 2, '| Bm7b5 | Dm7 |'),
(55, 3, '| F7 | G7 |'),
(55, 4, '| Cm7 | G7 |'),
(55, 5, '| Bbmaj7 | Dm7 |'),
(55, 6, '| F7 | A7 |'),
(55, 7, '| F7 | D7 |'),
(55, 8, '| Bbmaj7 | Em7 |'),
(55, 9, '| Cmaj7 | Cmaj7 |'),
(55, 10, '| A7 | Bm7b5 |'),
(55, 11, '| Db7 | D7 |'),
(55, 12, '| Cmaj7 | Am7 |'),
(55, 13, '| Dm7 | Db7 |'),
(55, 14, '| Abmaj7 | G7 |'),
(55, 15, '| Bm7b5 | Gm7 |'),
(55, 16, '| Bm7b5 | Cm7 |'),
(55, 17, '| Cm7 | Bbmaj7 |'),
(55, 18, '| F7 | Gm7 |'),
(55, 19, '| F7 | A7 |'),
(55, 20, '| Ebmaj7 | F7 |'),
(55, 21, '| Db7 | F7 |'),
(55, 22, '| Ebmaj7 | Bm7b5 |'),
(55, 23, '| Gm7 | Dm7 |'),
(55, 24, '| G7 | Cmaj7 |'),
(55, 25, '| Cm7 | F7 |'),
(55, 26, '| Em7 | Cm7 |'),
(55, 27, '| A7 | Cmaj7 |'),
(55, 28, '| Fmaj7 | G7 |'),
(55, 29, '| G7 | A7 |'),
(55, 30, '| Abmaj7 | Cmaj7 |'),
(55, 31, '| Ebmaj7 | Db7 |'),
(55, 32, '| Ebmaj7 | A7 |'),
(56, 1, '| A7 | Dm7 |'),
(56, 2, '| Gm7 | Bm7b5 |'),
(56, 3, '| Cm7 | Bbmaj7 |'),
(56, 4, '| A7 | G7 |'),
(56, 5, '| Ebmaj7 | Gm7 |'),
(56, 6, '| D7 | Abmaj7 |'),
(56, 7, '| D7 | Abmaj7 |'),
(56, 8, '| Db7 | F7 |'),
(57, 1, '| F7 | Em7 |'),
(57, 2, '| D7 | A7 |'),
(57, 3, '| Em7 | A7 |'),
(57, 4, '| Cm7 | Db7 |'),
(57, 5, '| Am7 | Ebmaj7 |'),
(57, 6, '| Fmaj7 | Ebmaj7 |'),
(57, 7, '| Am7 | Dm7 |'),
(57, 8, '| Dm7 | Db7 |'),
(57, 9, '| Bm7b5 | Bbmaj7 |'),
(57, 10, '| Dm7 | D7 |'),
(57, 11, '| Cmaj7 | G7 |'),
(57, 12, '| A7 | Db7 |'),
(58, 1, '| Ebmaj7 | G7 |'),
(58, 2, '| Em7 | Bm7b5 |'),
(58, 3, '| Db7 | Cm7 |'),
(58, 4, '| Em7 | Cm7 |'),
(58, 5, '| Dm7 | Cmaj7 |'),
(58, 6, '| Em7 | Dm7 |'),
(58, 7, '| D7 | A7 |'),
(58, 8, '| Cmaj7 | Cmaj7 |'),
(59, 1, '| Gm7 | F7 |'),
(59, 2, '| Gm7 | Cmaj7 |'),
(59, 3, '| G7 | Cmaj7 |'),
(59, 4, '| Db7 | D7 |'),
(59, 5, '| Bm7b5 | Fmaj7 |'),
(59, 6, '| Fmaj7 | Abmaj7 |'),
(59, 7, '| D7 | Cm7 |'),
(59, 8, '| Bbmaj7 | Dm7 |'),
(59, 9, '| Db7 | Em7 |'),
(59, 10, '| Bbmaj7 | Ebmaj7 |'),
(59, 11, '| Db7 | Dm7 |'),
(59, 12, '| G7 | D7 |'),
(59, 13, '| Am7 | F7 |'),
(59, 14, '| Dm7 | G7 |'),
(59, 15, '| Gm7 | Abmaj7 |'),
(59, 16, '| Dm7 | Abmaj7 |'),
(59, 17, '| F7 | Em7 |'),
(59, 18, '| Fmaj7 | D7 |'),
(59, 19, '| Gm7 | Em7 |'),
(59, 20, '| Gm7 | Db7 |'),
(59, 21, '| G7 | Gm7 |'),
(59, 22, '| D7 | A7 |'),
(59, 23, '| Bm7b5 | F7 |'),
(59, 24, '| Db7 | Db7 |'),
(59, 25, '| Bbmaj7 | G7 |'),
(59, 26, '| Bm7b5 | D7 |'),
(59, 27, '| F7 | Abmaj7 |'),
(59, 28, '| Dm7 | Abmaj7 |'),
(59, 29, '| Abmaj7 | D7 |'),
(59, 30, '| G7 | Cmaj7 |'),
(59, 31, '| F7 | Gm7 |'),
(59, 32, '| Abmaj7 | Dm7 |'),
(60, 1, '| Cm7 | F7 |'),
(60, 2, '| Bm7b5 | Cmaj7 |'),
(60, 3, '| Abmaj7 | Cm7 |'),
(60, 4, '| F7 | Cmaj7 |'),
(60, 5, '| Gm7 | Bm7b5 |'),
(60, 6, '| Gm7 | Fmaj7 |'),
(60, 7, '| Dm7 | A7 |'),
(60, 8, '| F7 | Cmaj7 |'),
(60, 9, '| Cmaj7 | Abmaj7 |'),
(60, 10, '| Dm7 | Db7 |'),
(60, 11, '| Am7 | Cmaj7 |'),
(60, 12, '| Ebmaj7 | Db7 |'),
(61, 1, '| Fmaj7 | Em7 |'),
(61, 2, '| A7 | Bm7b5 |'),
(61, 3, '| Em7 | Bm7b5 |'),
(61, 4, '| Db7 | D7 |'),
(61, 5, '| Am7 | Bm7b5 |'),
(61, 6, '| Db7 | Fmaj7 |'),
(61, 7, '| Am7 | Am7 |'),
(61, 8, '| Em7 | A7 |'),
(61, 9, '| Fmaj7 | Am7 |'),
(61, 10, '| Cmaj7 | Bm7b5 |'),
(61, 11, '| F7 | Abmaj7 |'),
(61, 12, '| A7 | Dm7 |'),
(61, 13, '| F7 | G7 |'),
(61, 14, '| D7 | Dm7 |'),
(61, 15, '| Am7 | Ebmaj7 |'),
(61, 16, '| Gm7 | G7 |'),
(61, 17, '| Bm7b5 | Bm7b5 |'),
(61, 18, '| Fmaj7 | Bm7b5 |'),
(61, 19, '| A7 | Am7 |'),
(61, 20, '| G7 | Db7 |'),
(61, 21, '| Dm7 | Dm7 |'),
(61, 22, '| D7 | Bbmaj7 |'),
(61, 23, '| Db7 | Am7 |'),
(61, 24, '| Abmaj7 | Ebmaj7 |'),
(61, 25, '| Fmaj7 | Bm7b5 |'),
(61, 26, '| Bm7b5 | Gm7 |'),
(61, 27, '| Cmaj7 | Gm7 |'),
(61, 28, '| Bm7b5 | Ebmaj7 |'),
(61, 29, '| Bm7b5 | Fmaj7 |'),
(61, 30, '| Fmaj7 | Ebmaj7 |'),
(61, 31, '| Bm7b5 | Db7 |'),
(61, 32, '| D7 | Dm7 |'),
(62, 1, '| Dm7 | Dm7 |'),
(62, 2, '| A7 | Cm7 |'),
(62, 3, '| Am7 | Em7 |'),
(62, 4, '| Abmaj7 | Ebmaj7 |'),
(62, 5, '| Gm7 | Em7 |'),
(62, 6, '| Gm7 | Dm7 |'),
(62, 7, '| Ebmaj7 | F7 |'),
(62, 8, '| Cm7 | Bbmaj7 |'),
(63, 1, '| Cmaj7 | Cm7 |'),
(63, 2, '| Ebmaj7 | Bm7b5 |'),
(63, 3, '| Fmaj7 | A7 |'),
(63, 4, '| Fmaj7 | Db7 |'),
(63, 5, '| Ebmaj7 | A7 |'),
(63, 6, '| D7 | Em7 |'),
(63, 7, '| Cmaj7 | Em7 |'),
(63, 8, '| Fmaj7 | Cmaj7 |'),
(63, 9, '| Bbmaj7 | Abmaj7 |'),
(63, 10, '| Gm7 | A7 |'),
(63, 11, '| A7 | F7 |'),
(63, 12, '| F7 | Cm7 |'),
(63, 13, '| Db7 | Bm7b5 |'),
(63, 14, '| Bm7b5 | Cm7 |'),
(63, 15, '| D7 | Am7 |'),
(63, 16, '| Ebmaj7 | Cm7 |'),
(63, 17, '| Bbmaj7 | Cmaj7 |'),
(63, 18, '| Am7 | Cmaj7 |'),
(63, 19, '| F7 | Abmaj7 |'),
(63, 20, '| Cmaj7 | F7 |'),
(63, 21, '| Abmaj7 | D7 |'),
(63, 22, '| Am7 | Dm7 |'),
(63, 23, '| Dm7 | A7 |'),
(63, 24, '| G7 | G7 |'),
(63, 25, '| Bm7b5 | Abmaj7 |'),
(63, 26, '| Em7 | Cmaj7 |'),
(63, 27, '| D7 | Bm7b5 |'),
(63, 28, '| Dm7 | Am7 |'),
(63, 29, '| Cmaj7 | Gm7 |'),
(63, 30, '| Abmaj7 | F7 |'),
(63, 31, '| Bbmaj7 | F7 |'),
(63, 32, '| Bbmaj7 | Em7 |'),
(64, 1, '| D7 | Fmaj7 |'),
(64, 2, '| G7 | Fmaj7 |'),
(64, 3, '| Bm7b5 | Bm7b5 |'),
(64, 4, '| Dm7 | Am7 |'),
(64, 5, '| Db7 | D7 |'),
(64, 6, '| Db7 | Fmaj7 |'),
(64, 7, '| Abmaj7 | Ebmaj7 |'),
(64, 8, '| F7 | Am7 |'),
(65, 1, '| Dm7 | D7 |'),
(65, 2, '| Bm7b5 | F7 |'),
(65, 3, '| Ebmaj7 | Am7 |'),
(65, 4, '| Ebmaj7 | Em7 |'),
(65, 5, '| Dm7 | Cmaj7 |'),
(65, 6, '| Em7 | Am7 |'),
(65, 7, '| F7 | Cm7 |'),
(65, 8, '| Bm7b5 | A7 |'),
(65, 9, '| D7 | Ebmaj7 |'),
(65, 10, '| Bbmaj7 | D7 |'),
(65, 11, '| A7 | Db7 |'),
(65, 12, '| Fmaj7 | Ebmaj7 |'),
(66, 1, '| G7 | Abmaj7 |'),
(66, 2, '| Bbmaj7 | Em7 |'),
(66, 3, '| Em7 | Cm7 |'),
(66, 4, '| Bbmaj7 | Ebmaj7 |'),
(66, 5, '| Fmaj7 | Am7 |'),
(66, 6, '| Fmaj7 | Bm7b5 |'),
(66, 7, '| D7 | Bm7b5 |'),
(66, 8, '| Cm7 | G7 |'),
(66, 9, '| Em7 | D7 |'),
(66, 10, '| Gm7 | Am7 |'),
(66, 11, '| Bbmaj7 | Db7 |'),
(66, 12, '| G7 | Bm7b5 |'),
(66, 13, '| Db7 | Db7 |'),
(66, 14, '| Abmaj7 | Bm7b5 |'),
(66, 15, '| Bbmaj7 | G7 |'),
(66, 16, '| Gm7 | Gm7 |'),
(66, 17, '| Abmaj7 | Ebmaj7 |'),
(66, 18, '| Ebmaj7 | G7 |'),
(66, 19, '| Abmaj7 | Dm7 |'),
(66, 20, '| Am7 | Em7 |'),
(66, 21, '| Am7 | Fmaj7 |'),
(66, 22, '| Bbmaj7 | Db7 |'),
(66, 23, '| Fmaj7 | Fmaj7 |'),
(66, 24, '| Dm7 | F7 |'),
(66, 25, '| Dm7 | Bm7b5 |'),
(66, 26, '| A7 | D7 |'),
(66, 27, '| D7 | Bm7b5 |'),
(66, 28, '| G7 | Dm7 |'),
(66, 29, '| Cm7 | Cmaj7 |'),
(66, 30, '| F7 | Db7 |'),
(66, 31, '| D7 | Bm7b5 |'),
(66, 32, '| Db7 | Ebmaj7 |'),
(67, 1, '| Cmaj7 | Gm7 |'),
(67, 2, '| Fmaj7 | Dm7 |'),
(67, 3, '| D7 | Cmaj7 |'),
(67, 4, '| Db7 | F7 |'),
(67, 5, '| Bbmaj7 | Abmaj7 |'),
(67, 6, '| F7 | Fmaj7 |'),
(67, 7, '| Fmaj7 | G7 |'),
(67, 8, '| Cmaj7 | Ebmaj7 |'),
(67, 9, '| D7 | G7 |'),
(67, 10, '| Am7 | F7 |'),
(67, 11, '| Gm7 | Am7 |'),
(67, 12, '| Em7 | Bm7b5 |'),
(67, 13, '| Bm7b5 | G7 |'),
(67, 14, '| Am7 | Bm7b5 |'),
(67, 15, '| Bbmaj7 | Fmaj7 |'),
(67, 16, '| Ebmaj7 | Bm7b5 |'),
(68, 1, '| F7 | Cmaj7 |'),
(68, 2, '| Em7 | Abmaj7 |'),
(68, 3, '| A7 | Am7 |'),
(68, 4, '| Db7 | Bm7b5 |'),
(68, 5, '| Bm7b5 | Bm7b5 |'),
(68, 6, '| Dm7 | Am7 |'),
(68, 7, '| D7 | Bbmaj7 |'),
(68, 8, '| G7 | Db7 |'),
(68, 9, '| Fmaj7 | Am7 |'),
(68, 10, '| D7 | Bbmaj7 |'),
(68, 11, '| Em7 | Cm7 |'),
(68, 12, '| Db7 | Dm7 |'),
(68, 13, '| Am7 | Cmaj7 |'),
(68, 14, '| Cmaj7 | Bbmaj7 |'),
(68, 15, '| Bbmaj7 | Cm7 |'),
(68, 16, '| Abmaj7 | Db7 |'),
(68, 17, '| G7 | Fmaj7 |'),
(68, 18, '| F7 | Bm7b5 |'),
(68, 19, '| A7 | Em7 |'),
(68, 20, '| Dm7 | Ebmaj7 |'),
(68, 21, '| Fmaj7 | D7 |'),
(68, 22, '| A7 | A7 |'),
(68, 23, '| Bbmaj7 | A7 |'),
(68, 24, '| Em7 | Db7 |'),
(68, 25, '| Bm7b5 | Db7 |'),
(68, 26, '| Db7 | Em7 |'),
(68, 27, '| Am7 | D7 |'),
(68, 28, '| Bm7b5 | Gm7 |'),
(68, 29, '| Bbmaj7 | Gm7 |'),
(68, 30, '| Dm7 | F7 |'),
(68, 31, '| A7 | D7 |'),
(68, 32, '| Dm7 | D7 |'),
(69, 1, '| Gm7 | Em7 |'),
(69, 2, '| Dm7 | G7 |'),
(69, 3, '| Abmaj7 | Abmaj7 |'),
(69, 4, '| F7 | Am7 |'),
(69, 5, '| Abmaj7 | Dm7 |'),
(69, 6, '| Bm7b5 | Fmaj7 |'),
(69, 7, '| Dm7 | D7 |'),
(69, 8, '| Db7 | Abmaj7 |');

INSERT INTO mesure (id_grille, numero_mesure, contenu_mesure) VALUES
(69, 9, '| G7 | Bm7b5 |'),
(69, 10, '| Fmaj7 | Abmaj7 |'),
(69, 11, '| Bbmaj7 | Cm7 |'),
(69, 12, '| Dm7 | Bbmaj7 |'),
(70, 1, '| Bm7b5 | F7 |'),
(70, 2, '| F7 | Em7 |'),
(70, 3, '| Fmaj7 | Em7 |'),
(70, 4, '| A7 | Ebmaj7 |'),
(70, 5, '| Abmaj7 | Ebmaj7 |'),
(70, 6, '| Dm7 | Bbmaj7 |'),
(70, 7, '| Am7 | A7 |'),
(70, 8, '| Db7 | Cm7 |'),
(70, 9, '| Em7 | Ebmaj7 |'),
(70, 10, '| Am7 | Gm7 |'),
(70, 11, '| Fmaj7 | Fmaj7 |'),
(70, 12, '| A7 | Abmaj7 |'),
(70, 13, '| Cm7 | Cmaj7 |'),
(70, 14, '| A7 | Dm7 |'),
(70, 15, '| Bm7b5 | Fmaj7 |'),
(70, 16, '| Gm7 | Fmaj7 |'),
(71, 1, '| Abmaj7 | Fmaj7 |'),
(71, 2, '| Am7 | Bm7b5 |'),
(71, 3, '| A7 | Bm7b5 |'),
(71, 4, '| Bbmaj7 | Dm7 |'),
(71, 5, '| D7 | D7 |'),
(71, 6, '| Bbmaj7 | Fmaj7 |'),
(71, 7, '| D7 | Cmaj7 |'),
(71, 8, '| Bbmaj7 | F7 |'),
(71, 9, '| Am7 | G7 |'),
(71, 10, '| Dm7 | A7 |'),
(71, 11, '| Bbmaj7 | Bbmaj7 |'),
(71, 12, '| G7 | Cm7 |'),
(71, 13, '| Bbmaj7 | Bbmaj7 |'),
(71, 14, '| Gm7 | Dm7 |'),
(71, 15, '| Db7 | Bm7b5 |'),
(71, 16, '| Fmaj7 | G7 |'),
(71, 17, '| Cm7 | Cmaj7 |'),
(71, 18, '| Cmaj7 | Cm7 |'),
(71, 19, '| Ebmaj7 | F7 |'),
(71, 20, '| Am7 | Em7 |'),
(71, 21, '| Abmaj7 | Db7 |'),
(71, 22, '| Abmaj7 | A7 |'),
(71, 23, '| D7 | A7 |'),
(71, 24, '| D7 | Bbmaj7 |'),
(71, 25, '| Cm7 | Ebmaj7 |'),
(71, 26, '| F7 | F7 |'),
(71, 27, '| Db7 | Am7 |'),
(71, 28, '| Em7 | Bbmaj7 |'),
(71, 29, '| Em7 | Db7 |'),
(71, 30, '| Fmaj7 | Abmaj7 |'),
(71, 31, '| Bm7b5 | F7 |'),
(71, 32, '| Fmaj7 | Abmaj7 |'),
(72, 1, '| Cmaj7 | Db7 |'),
(72, 2, '| Cm7 | F7 |'),
(72, 3, '| Ebmaj7 | Cm7 |'),
(72, 4, '| G7 | D7 |'),
(72, 5, '| Abmaj7 | Db7 |'),
(72, 6, '| Fmaj7 | F7 |'),
(72, 7, '| Abmaj7 | Dm7 |'),
(72, 8, '| Gm7 | Db7 |'),
(72, 9, '| D7 | Ebmaj7 |'),
(72, 10, '| Cm7 | A7 |'),
(72, 11, '| Db7 | D7 |'),
(72, 12, '| Abmaj7 | Bbmaj7 |'),
(72, 13, '| Em7 | A7 |'),
(72, 14, '| A7 | Dm7 |'),
(72, 15, '| G7 | Fmaj7 |'),
(72, 16, '| Bm7b5 | A7 |'),
(73, 1, '| Ebmaj7 | Abmaj7 |'),
(73, 2, '| Bbmaj7 | G7 |'),
(73, 3, '| Cm7 | Cm7 |'),
(73, 4, '| Db7 | Db7 |'),
(73, 5, '| Bm7b5 | Gm7 |'),
(73, 6, '| G7 | F7 |'),
(73, 7, '| Cmaj7 | A7 |'),
(73, 8, '| Ebmaj7 | Fmaj7 |'),
(73, 9, '| F7 | Cmaj7 |'),
(73, 10, '| Em7 | Abmaj7 |'),
(73, 11, '| Bm7b5 | F7 |'),
(73, 12, '| Db7 | Bbmaj7 |'),
(73, 13, '| Abmaj7 | G7 |'),
(73, 14, '| Dm7 | Ebmaj7 |'),
(73, 15, '| Bbmaj7 | G7 |'),
(73, 16, '| Gm7 | Gm7 |'),
(74, 1, '| Cmaj7 | Gm7 |'),
(74, 2, '| Bbmaj7 | Cmaj7 |'),
(74, 3, '| Dm7 | Cm7 |'),
(74, 4, '| F7 | Cmaj7 |'),
(74, 5, '| Cm7 | Fmaj7 |'),
(74, 6, '| Fmaj7 | A7 |'),
(74, 7, '| Cmaj7 | Abmaj7 |'),
(74, 8, '| Dm7 | A7 |'),
(74, 9, '| G7 | G7 |'),
(74, 10, '| Abmaj7 | Bm7b5 |'),
(74, 11, '| Db7 | Cmaj7 |'),
(74, 12, '| Cm7 | Am7 |'),
(75, 1, '| Fmaj7 | Bm7b5 |'),
(75, 2, '| Dm7 | F7 |'),
(75, 3, '| G7 | Db7 |'),
(75, 4, '| Bm7b5 | A7 |'),
(75, 5, '| F7 | Cmaj7 |'),
(75, 6, '| Dm7 | Em7 |'),
(75, 7, '| Fmaj7 | F7 |'),
(75, 8, '| F7 | Abmaj7 |'),
(75, 9, '| Cmaj7 | Gm7 |'),
(75, 10, '| Em7 | A7 |'),
(75, 11, '| D7 | Bm7b5 |'),
(75, 12, '| D7 | Em7 |'),
(75, 13, '| D7 | Db7 |'),
(75, 14, '| Fmaj7 | Cm7 |'),
(75, 15, '| Bbmaj7 | Em7 |'),
(75, 16, '| D7 | Bbmaj7 |'),
(75, 17, '| Cm7 | Fmaj7 |'),
(75, 18, '| Am7 | Dm7 |'),
(75, 19, '| Abmaj7 | Db7 |'),
(75, 20, '| Bbmaj7 | A7 |'),
(75, 21, '| Cm7 | F7 |'),
(75, 22, '| Abmaj7 | Cmaj7 |'),
(75, 23, '| Cm7 | Dm7 |'),
(75, 24, '| A7 | Em7 |'),
(75, 25, '| Bm7b5 | D7 |'),
(75, 26, '| Am7 | Cm7 |'),
(75, 27, '| D7 | D7 |'),
(75, 28, '| Em7 | Ebmaj7 |'),
(75, 29, '| Gm7 | Am7 |'),
(75, 30, '| F7 | Bm7b5 |'),
(75, 31, '| Fmaj7 | G7 |'),
(75, 32, '| Dm7 | Gm7 |'),
(76, 1, '| Em7 | Gm7 |'),
(76, 2, '| Am7 | Bm7b5 |'),
(76, 3, '| Am7 | G7 |'),
(76, 4, '| Bbmaj7 | Fmaj7 |'),
(76, 5, '| Bbmaj7 | Bbmaj7 |'),
(76, 6, '| A7 | Cmaj7 |'),
(76, 7, '| D7 | Cm7 |'),
(76, 8, '| A7 | Dm7 |'),
(76, 9, '| Db7 | Gm7 |'),
(76, 10, '| Dm7 | Db7 |'),
(76, 11, '| Db7 | D7 |'),
(76, 12, '| Dm7 | Dm7 |'),
(76, 13, '| Cmaj7 | F7 |'),
(76, 14, '| G7 | F7 |'),
(76, 15, '| Am7 | Cmaj7 |'),
(76, 16, '| Bbmaj7 | D7 |'),
(76, 17, '| Dm7 | Dm7 |'),
(76, 18, '| G7 | Ebmaj7 |'),
(76, 19, '| Dm7 | Em7 |'),
(76, 20, '| Cm7 | Db7 |'),
(76, 21, '| Abmaj7 | A7 |'),
(76, 22, '| Cmaj7 | Gm7 |'),
(76, 23, '| Em7 | Dm7 |'),
(76, 24, '| F7 | G7 |'),
(76, 25, '| A7 | Db7 |'),
(76, 26, '| F7 | Fmaj7 |'),
(76, 27, '| Cm7 | Em7 |'),
(76, 28, '| Cm7 | Ebmaj7 |'),
(76, 29, '| Bm7b5 | G7 |'),
(76, 30, '| Bbmaj7 | Bbmaj7 |'),
(76, 31, '| Cmaj7 | Am7 |'),
(76, 32, '| Fmaj7 | Cm7 |'),
(77, 1, '| Db7 | Dm7 |'),
(77, 2, '| Bbmaj7 | Em7 |'),
(77, 3, '| D7 | Abmaj7 |'),
(77, 4, '| Cmaj7 | D7 |'),
(77, 5, '| A7 | D7 |'),
(77, 6, '| Bbmaj7 | Dm7 |'),
(77, 7, '| Fmaj7 | Ebmaj7 |'),
(77, 8, '| Dm7 | Gm7 |'),
(78, 1, '| Fmaj7 | G7 |'),
(78, 2, '| Cmaj7 | Cmaj7 |'),
(78, 3, '| G7 | Fmaj7 |'),
(78, 4, '| Fmaj7 | Bm7b5 |'),
(78, 5, '| Db7 | Dm7 |'),
(78, 6, '| Bbmaj7 | A7 |'),
(78, 7, '| G7 | F7 |'),
(78, 8, '| G7 | Fmaj7 |'),
(78, 9, '| Em7 | Cmaj7 |'),
(78, 10, '| Cm7 | G7 |'),
(78, 11, '| Abmaj7 | Fmaj7 |'),
(78, 12, '| Em7 | G7 |'),
(78, 13, '| Gm7 | Ebmaj7 |'),
(78, 14, '| G7 | Gm7 |'),
(78, 15, '| Em7 | Abmaj7 |'),
(78, 16, '| Bbmaj7 | Bm7b5 |'),
(78, 17, '| Em7 | Cmaj7 |'),
(78, 18, '| Dm7 | Bm7b5 |'),
(78, 19, '| D7 | Am7 |'),
(78, 20, '| Gm7 | Abmaj7 |'),
(78, 21, '| Dm7 | Gm7 |'),
(78, 22, '| F7 | D7 |'),
(78, 23, '| Db7 | Bbmaj7 |'),
(78, 24, '| D7 | Em7 |'),
(78, 25, '| Bm7b5 | Em7 |'),
(78, 26, '| G7 | Db7 |'),
(78, 27, '| Bm7b5 | G7 |'),
(78, 28, '| Fmaj7 | G7 |'),
(78, 29, '| Bbmaj7 | G7 |'),
(78, 30, '| Em7 | Fmaj7 |'),
(78, 31, '| Cmaj7 | Em7 |'),
(78, 32, '| Dm7 | Cmaj7 |'),
(79, 1, '| Em7 | Am7 |'),
(79, 2, '| Dm7 | Dm7 |'),
(79, 3, '| Db7 | Am7 |'),
(79, 4, '| D7 | Ebmaj7 |'),
(79, 5, '| Bm7b5 | Cmaj7 |'),
(79, 6, '| Bbmaj7 | G7 |'),
(79, 7, '| F7 | F7 |'),
(79, 8, '| Am7 | Am7 |'),
(79, 9, '| A7 | Cmaj7 |'),
(79, 10, '| Em7 | Db7 |'),
(79, 11, '| D7 | F7 |'),
(79, 12, '| Db7 | G7 |'),
(79, 13, '| Am7 | Bm7b5 |'),
(79, 14, '| D7 | Dm7 |'),
(79, 15, '| Fmaj7 | Bbmaj7 |'),
(79, 16, '| Fmaj7 | D7 |'),
(80, 1, '| Cm7 | Cm7 |'),
(80, 2, '| Gm7 | Bbmaj7 |'),
(80, 3, '| A7 | Db7 |'),
(80, 4, '| Cmaj7 | Bbmaj7 |'),
(80, 5, '| A7 | Em7 |'),
(80, 6, '| Em7 | Dm7 |'),
(80, 7, '| Bbmaj7 | Gm7 |'),
(80, 8, '| Cmaj7 | F7 |'),
(80, 9, '| Em7 | Bm7b5 |'),
(80, 10, '| Gm7 | A7 |'),
(80, 11, '| Bbmaj7 | Abmaj7 |'),
(80, 12, '| Dm7 | Bbmaj7 |'),
(80, 13, '| D7 | Bbmaj7 |'),
(80, 14, '| G7 | Cm7 |'),
(80, 15, '| D7 | Gm7 |'),
(80, 16, '| A7 | Bm7b5 |'),
(80, 17, '| Dm7 | Bm7b5 |'),
(80, 18, '| Ebmaj7 | Gm7 |'),
(80, 19, '| A7 | Fmaj7 |'),
(80, 20, '| A7 | F7 |'),
(80, 21, '| Abmaj7 | Db7 |'),
(80, 22, '| Ebmaj7 | G7 |'),
(80, 23, '| Am7 | Db7 |'),
(80, 24, '| Cm7 | A7 |'),
(80, 25, '| Em7 | Dm7 |'),
(80, 26, '| F7 | F7 |'),
(80, 27, '| G7 | Em7 |'),
(80, 28, '| Bm7b5 | Cm7 |'),
(80, 29, '| F7 | Bm7b5 |'),
(80, 30, '| Gm7 | G7 |'),
(80, 31, '| A7 | Db7 |'),
(80, 32, '| Cmaj7 | Bbmaj7 |'),
(81, 1, '| Fmaj7 | Em7 |'),
(81, 2, '| Db7 | Em7 |'),
(81, 3, '| Bm7b5 | Bbmaj7 |'),
(81, 4, '| Db7 | D7 |'),
(81, 5, '| Bbmaj7 | D7 |'),
(81, 6, '| Fmaj7 | D7 |'),
(81, 7, '| Abmaj7 | Dm7 |'),
(81, 8, '| Cmaj7 | Dm7 |'),
(81, 9, '| Cm7 | Dm7 |'),
(81, 10, '| Bbmaj7 | Cmaj7 |'),
(81, 11, '| Em7 | Ebmaj7 |'),
(81, 12, '| F7 | Abmaj7 |'),
(81, 13, '| Am7 | D7 |'),
(81, 14, '| Cm7 | A7 |'),
(81, 15, '| D7 | Em7 |'),
(81, 16, '| Fmaj7 | Cm7 |'),
(81, 17, '| Em7 | A7 |'),
(81, 18, '| Abmaj7 | Ebmaj7 |'),
(81, 19, '| G7 | Cm7 |'),
(81, 20, '| Am7 | Db7 |'),
(81, 21, '| D7 | Cm7 |'),
(81, 22, '| Db7 | D7 |'),
(81, 23, '| Dm7 | G7 |'),
(81, 24, '| Em7 | Ebmaj7 |'),
(81, 25, '| Bbmaj7 | Am7 |'),
(81, 26, '| Gm7 | Db7 |'),
(81, 27, '| Db7 | Ebmaj7 |'),
(81, 28, '| Ebmaj7 | Cm7 |'),
(81, 29, '| Fmaj7 | Em7 |'),
(81, 30, '| Db7 | Cm7 |'),
(81, 31, '| D7 | G7 |'),
(81, 32, '| Cm7 | G7 |'),
(82, 1, '| G7 | Ebmaj7 |'),
(82, 2, '| Abmaj7 | F7 |'),
(82, 3, '| Gm7 | Am7 |'),
(82, 4, '| Bbmaj7 | Am7 |'),
(82, 5, '| Am7 | Em7 |'),
(82, 6, '| Bm7b5 | Cm7 |'),
(82, 7, '| G7 | A7 |'),
(82, 8, '| Dm7 | Ebmaj7 |'),
(82, 9, '| F7 | Abmaj7 |'),
(82, 10, '| Bbmaj7 | A7 |'),
(82, 11, '| Gm7 | A7 |'),
(82, 12, '| Em7 | G7 |'),
(82, 13, '| G7 | G7 |'),
(82, 14, '| Am7 | Dm7 |'),
(82, 15, '| Em7 | Cm7 |'),
(82, 16, '| Cm7 | Fmaj7 |'),
(82, 17, '| F7 | Gm7 |'),
(82, 18, '| Cmaj7 | Dm7 |'),
(82, 19, '| Abmaj7 | Fmaj7 |'),
(82, 20, '| Am7 | Em7 |'),
(82, 21, '| Cm7 | A7 |'),
(82, 22, '| G7 | F7 |'),
(82, 23, '| F7 | Cmaj7 |'),
(82, 24, '| F7 | A7 |'),
(82, 25, '| Fmaj7 | Ebmaj7 |'),
(82, 26, '| Gm7 | Ebmaj7 |'),
(82, 27, '| Ebmaj7 | D7 |'),
(82, 28, '| Bbmaj7 | Gm7 |'),
(82, 29, '| Dm7 | Ebmaj7 |'),
(82, 30, '| G7 | Abmaj7 |'),
(82, 31, '| Cm7 | Cmaj7 |'),
(82, 32, '| Gm7 | Abmaj7 |'),
(83, 1, '| G7 | Db7 |'),
(83, 2, '| Am7 | Gm7 |'),
(83, 3, '| Am7 | F7 |'),
(83, 4, '| Cm7 | Dm7 |'),
(83, 5, '| Bm7b5 | Gm7 |'),
(83, 6, '| Gm7 | Ebmaj7 |'),
(83, 7, '| Cm7 | Db7 |'),
(83, 8, '| Cmaj7 | Ebmaj7 |'),
(84, 1, '| F7 | Gm7 |'),
(84, 2, '| Ebmaj7 | G7 |'),
(84, 3, '| Db7 | Db7 |'),
(84, 4, '| A7 | D7 |'),
(84, 5, '| Cm7 | Am7 |'),
(84, 6, '| F7 | Db7 |'),
(84, 7, '| Bbmaj7 | Dm7 |'),
(84, 8, '| Ebmaj7 | Ebmaj7 |'),
(84, 9, '| Bbmaj7 | Db7 |'),
(84, 10, '| Am7 | G7 |'),
(84, 11, '| Em7 | F7 |'),
(84, 12, '| A7 | Gm7 |'),
(84, 13, '| G7 | F7 |'),
(84, 14, '| D7 | Db7 |'),
(84, 15, '| Em7 | Cm7 |'),
(84, 16, '| A7 | Bbmaj7 |'),
(84, 17, '| Bm7b5 | Ebmaj7 |'),
(84, 18, '| F7 | F7 |'),
(84, 19, '| Fmaj7 | Ebmaj7 |'),
(84, 20, '| A7 | Abmaj7 |'),
(84, 21, '| Bbmaj7 | Db7 |'),
(84, 22, '| Cmaj7 | Gm7 |'),
(84, 23, '| Cm7 | Gm7 |'),
(84, 24, '| D7 | Ebmaj7 |'),
(84, 25, '| Db7 | Fmaj7 |'),
(84, 26, '| Em7 | G7 |'),
(84, 27, '| Bm7b5 | A7 |'),
(84, 28, '| Ebmaj7 | Cmaj7 |'),
(84, 29, '| Bbmaj7 | Ebmaj7 |'),
(84, 30, '| Cmaj7 | F7 |'),
(84, 31, '| G7 | G7 |'),
(84, 32, '| Bm7b5 | Em7 |'),
(85, 1, '| Ebmaj7 | Cm7 |'),
(85, 2, '| Gm7 | Am7 |'),
(85, 3, '| Db7 | Bbmaj7 |'),
(85, 4, '| Abmaj7 | Ebmaj7 |'),
(85, 5, '| Fmaj7 | Am7 |'),
(85, 6, '| Em7 | Cmaj7 |'),
(85, 7, '| F7 | G7 |'),
(85, 8, '| Db7 | Cm7 |'),
(85, 9, '| Abmaj7 | Cm7 |'),
(85, 10, '| Fmaj7 | Abmaj7 |'),
(85, 11, '| Fmaj7 | D7 |'),
(85, 12, '| Am7 | D7 |'),
(85, 13, '| A7 | Bbmaj7 |'),
(85, 14, '| Abmaj7 | Am7 |'),
(85, 15, '| Bm7b5 | Bm7b5 |'),
(85, 16, '| Abmaj7 | Gm7 |'),
(86, 1, '| Db7 | Cm7 |'),
(86, 2, '| Db7 | Em7 |'),
(86, 3, '| Abmaj7 | D7 |'),
(86, 4, '| Abmaj7 | Dm7 |'),
(86, 5, '| Am7 | G7 |'),
(86, 6, '| Bbmaj7 | G7 |'),
(86, 7, '| Cm7 | Bbmaj7 |'),
(86, 8, '| F7 | Bbmaj7 |'),
(87, 1, '| Gm7 | G7 |'),
(87, 2, '| G7 | Cm7 |'),
(87, 3, '| Dm7 | Bbmaj7 |'),
(87, 4, '| Abmaj7 | D7 |'),
(87, 5, '| Dm7 | Bm7b5 |'),
(87, 6, '| Am7 | G7 |'),
(87, 7, '| D7 | D7 |'),
(87, 8, '| Cmaj7 | Ebmaj7 |'),
(87, 9, '| Gm7 | Gm7 |'),
(87, 10, '| Em7 | Dm7 |'),
(87, 11, '| Cmaj7 | Cmaj7 |'),
(87, 12, '| F7 | Cmaj7 |'),
(87, 13, '| D7 | Ebmaj7 |'),
(87, 14, '| Bbmaj7 | F7 |'),
(87, 15, '| Fmaj7 | A7 |'),
(87, 16, '| Fmaj7 | Abmaj7 |'),
(87, 17, '| Cmaj7 | F7 |'),
(87, 18, '| D7 | Cmaj7 |'),
(87, 19, '| F7 | Ebmaj7 |'),
(87, 20, '| D7 | G7 |'),
(87, 21, '| Bbmaj7 | Am7 |'),
(87, 22, '| Cm7 | Cmaj7 |'),
(87, 23, '| Cmaj7 | Db7 |'),
(87, 24, '| Dm7 | D7 |');

INSERT INTO mesure (id_grille, numero_mesure, contenu_mesure) VALUES
(87, 25, '| Dm7 | Em7 |'),
(87, 26, '| D7 | Dm7 |'),
(87, 27, '| G7 | Fmaj7 |'),
(87, 28, '| Cm7 | Abmaj7 |'),
(87, 29, '| Cmaj7 | Em7 |'),
(87, 30, '| Cmaj7 | G7 |'),
(87, 31, '| Db7 | Ebmaj7 |'),
(87, 32, '| F7 | Fmaj7 |'),
(88, 1, '| F7 | Cmaj7 |'),
(88, 2, '| F7 | Dm7 |'),
(88, 3, '| D7 | Db7 |'),
(88, 4, '| A7 | Cmaj7 |'),
(88, 5, '| Fmaj7 | Cm7 |'),
(88, 6, '| G7 | F7 |'),
(88, 7, '| Cmaj7 | Db7 |'),
(88, 8, '| Cm7 | A7 |'),
(89, 1, '| Bm7b5 | Dm7 |'),
(89, 2, '| G7 | G7 |'),
(89, 3, '| F7 | Cmaj7 |'),
(89, 4, '| F7 | Bbmaj7 |'),
(89, 5, '| D7 | Db7 |'),
(89, 6, '| Ebmaj7 | Bbmaj7 |'),
(89, 7, '| Cm7 | Cm7 |'),
(89, 8, '| Db7 | Abmaj7 |'),
(89, 9, '| Am7 | F7 |'),
(89, 10, '| Abmaj7 | Fmaj7 |'),
(89, 11, '| Cmaj7 | Gm7 |'),
(89, 12, '| A7 | Fmaj7 |'),
(90, 1, '| A7 | Bbmaj7 |'),
(90, 2, '| Ebmaj7 | A7 |'),
(90, 3, '| Bbmaj7 | F7 |'),
(90, 4, '| F7 | Bm7b5 |'),
(90, 5, '| Db7 | Ebmaj7 |'),
(90, 6, '| G7 | Cm7 |'),
(90, 7, '| Db7 | Em7 |'),
(90, 8, '| Bbmaj7 | Cmaj7 |'),
(90, 9, '| Abmaj7 | Cmaj7 |'),
(90, 10, '| Am7 | G7 |'),
(90, 11, '| G7 | Am7 |'),
(90, 12, '| F7 | Bm7b5 |'),
(90, 13, '| F7 | F7 |'),
(90, 14, '| F7 | D7 |'),
(90, 15, '| Bbmaj7 | Em7 |'),
(90, 16, '| Bbmaj7 | F7 |'),
(91, 1, '| Ebmaj7 | Abmaj7 |'),
(91, 2, '| Em7 | Db7 |'),
(91, 3, '| Ebmaj7 | Cmaj7 |'),
(91, 4, '| Em7 | Cmaj7 |'),
(91, 5, '| Abmaj7 | Db7 |'),
(91, 6, '| F7 | Dm7 |'),
(91, 7, '| F7 | Gm7 |'),
(91, 8, '| Fmaj7 | Cmaj7 |'),
(91, 9, '| Gm7 | Cm7 |'),
(91, 10, '| D7 | F7 |'),
(91, 11, '| Gm7 | G7 |'),
(91, 12, '| A7 | Dm7 |'),
(91, 13, '| Am7 | G7 |'),
(91, 14, '| Dm7 | Cm7 |'),
(91, 15, '| G7 | Bbmaj7 |'),
(91, 16, '| Ebmaj7 | Abmaj7 |'),
(92, 1, '| Bm7b5 | Em7 |'),
(92, 2, '| F7 | Fmaj7 |'),
(92, 3, '| Bbmaj7 | Bbmaj7 |'),
(92, 4, '| Am7 | A7 |'),
(92, 5, '| Cm7 | Am7 |'),
(92, 6, '| Gm7 | Dm7 |'),
(92, 7, '| Dm7 | D7 |'),
(92, 8, '| Dm7 | Am7 |'),
(93, 1, '| Ebmaj7 | Db7 |'),
(93, 2, '| Bm7b5 | Ebmaj7 |'),
(93, 3, '| G7 | Db7 |'),
(93, 4, '| Am7 | Cmaj7 |'),
(93, 5, '| Am7 | F7 |'),
(93, 6, '| A7 | Bbmaj7 |'),
(93, 7, '| Am7 | Gm7 |'),
(93, 8, '| Cm7 | D7 |'),
(93, 9, '| G7 | Dm7 |'),
(93, 10, '| G7 | Fmaj7 |'),
(93, 11, '| Bm7b5 | Fmaj7 |'),
(93, 12, '| F7 | Cm7 |'),
(94, 1, '| A7 | Db7 |'),
(94, 2, '| Gm7 | Dm7 |'),
(94, 3, '| Ebmaj7 | G7 |'),
(94, 4, '| Gm7 | Am7 |'),
(94, 5, '| Fmaj7 | G7 |'),
(94, 6, '| Ebmaj7 | Fmaj7 |'),
(94, 7, '| D7 | Cm7 |'),
(94, 8, '| Cm7 | Gm7 |'),
(94, 9, '| Am7 | Bbmaj7 |'),
(94, 10, '| F7 | Fmaj7 |'),
(94, 11, '| Cm7 | Dm7 |'),
(94, 12, '| Cm7 | G7 |'),
(94, 13, '| Fmaj7 | Am7 |'),
(94, 14, '| Cmaj7 | Ebmaj7 |'),
(94, 15, '| Bbmaj7 | Db7 |'),
(94, 16, '| Fmaj7 | Bbmaj7 |'),
(95, 1, '| G7 | Abmaj7 |'),
(95, 2, '| Dm7 | Abmaj7 |'),
(95, 3, '| D7 | F7 |'),
(95, 4, '| F7 | Bbmaj7 |'),
(95, 5, '| Abmaj7 | Cmaj7 |'),
(95, 6, '| Cmaj7 | Bbmaj7 |'),
(95, 7, '| Db7 | Cm7 |'),
(95, 8, '| Ebmaj7 | A7 |'),
(95, 9, '| Dm7 | Cm7 |'),
(95, 10, '| Fmaj7 | Bm7b5 |'),
(95, 11, '| D7 | A7 |'),
(95, 12, '| Em7 | D7 |'),
(96, 1, '| Dm7 | Abmaj7 |'),
(96, 2, '| Am7 | Am7 |'),
(96, 3, '| Cmaj7 | Ebmaj7 |'),
(96, 4, '| Am7 | A7 |'),
(96, 5, '| Fmaj7 | Am7 |'),
(96, 6, '| F7 | Cm7 |'),
(96, 7, '| Db7 | F7 |'),
(96, 8, '| Em7 | Em7 |'),
(96, 9, '| Bm7b5 | Bm7b5 |'),
(96, 10, '| Cm7 | Dm7 |'),
(96, 11, '| Db7 | G7 |'),
(96, 12, '| D7 | Gm7 |'),
(97, 1, '| Bbmaj7 | Fmaj7 |'),
(97, 2, '| F7 | Dm7 |'),
(97, 3, '| Abmaj7 | Fmaj7 |'),
(97, 4, '| Am7 | G7 |'),
(97, 5, '| Db7 | D7 |'),
(97, 6, '| Fmaj7 | Dm7 |'),
(97, 7, '| G7 | Am7 |'),
(97, 8, '| Bbmaj7 | G7 |'),
(98, 1, '| Am7 | Em7 |'),
(98, 2, '| Db7 | Cmaj7 |'),
(98, 3, '| Bm7b5 | Abmaj7 |'),
(98, 4, '| Cmaj7 | Em7 |'),
(98, 5, '| A7 | Fmaj7 |'),
(98, 6, '| Bm7b5 | Am7 |'),
(98, 7, '| Dm7 | D7 |'),
(98, 8, '| G7 | G7 |'),
(98, 9, '| Fmaj7 | Fmaj7 |'),
(98, 10, '| Fmaj7 | F7 |'),
(98, 11, '| D7 | G7 |'),
(98, 12, '| Dm7 | Ebmaj7 |'),
(98, 13, '| Am7 | D7 |'),
(98, 14, '| Fmaj7 | Gm7 |'),
(98, 15, '| Gm7 | Cm7 |'),
(98, 16, '| Cm7 | Bm7b5 |'),
(99, 1, '| F7 | Bbmaj7 |'),
(99, 2, '| Db7 | D7 |'),
(99, 3, '| Em7 | Ebmaj7 |'),
(99, 4, '| Ebmaj7 | Abmaj7 |'),
(99, 5, '| D7 | Fmaj7 |'),
(99, 6, '| Ebmaj7 | Bm7b5 |'),
(99, 7, '| Em7 | Fmaj7 |'),
(99, 8, '| Gm7 | Gm7 |'),
(99, 9, '| Db7 | Am7 |'),
(99, 10, '| Ebmaj7 | F7 |'),
(99, 11, '| Fmaj7 | Fmaj7 |'),
(99, 12, '| Am7 | Am7 |'),
(99, 13, '| Bbmaj7 | F7 |'),
(99, 14, '| Bm7b5 | D7 |'),
(99, 15, '| Bbmaj7 | Abmaj7 |'),
(99, 16, '| Gm7 | Cmaj7 |'),
(99, 17, '| Dm7 | A7 |'),
(99, 18, '| Abmaj7 | Abmaj7 |'),
(99, 19, '| Db7 | Bm7b5 |'),
(99, 20, '| Ebmaj7 | Bm7b5 |'),
(99, 21, '| Ebmaj7 | Db7 |'),
(99, 22, '| Abmaj7 | Fmaj7 |'),
(99, 23, '| Gm7 | Bm7b5 |'),
(99, 24, '| Cm7 | Db7 |'),
(99, 25, '| Ebmaj7 | Abmaj7 |'),
(99, 26, '| Bbmaj7 | Fmaj7 |'),
(99, 27, '| Ebmaj7 | F7 |'),
(99, 28, '| Gm7 | Am7 |'),
(99, 29, '| D7 | A7 |'),
(99, 30, '| Gm7 | Cm7 |'),
(99, 31, '| Cmaj7 | Am7 |'),
(99, 32, '| F7 | F7 |'),
(100, 1, '| Dm7 | Cmaj7 |'),
(100, 2, '| Ebmaj7 | Cm7 |'),
(100, 3, '| Cmaj7 | F7 |'),
(100, 4, '| Dm7 | F7 |'),
(100, 5, '| D7 | Cmaj7 |'),
(100, 6, '| Gm7 | A7 |'),
(100, 7, '| Ebmaj7 | Fmaj7 |'),
(100, 8, '| D7 | Dm7 |'),
(100, 9, '| Fmaj7 | Am7 |'),
(100, 10, '| D7 | Em7 |'),
(100, 11, '| Gm7 | Fmaj7 |'),
(100, 12, '| Cm7 | Dm7 |'),
(101, 1, '| A7 | Am7 |'),
(101, 2, '| D7 | Bbmaj7 |'),
(101, 3, '| Cm7 | D7 |'),
(101, 4, '| Bbmaj7 | Fmaj7 |'),
(101, 5, '| Bbmaj7 | Dm7 |'),
(101, 6, '| Db7 | Gm7 |'),
(101, 7, '| Dm7 | D7 |'),
(101, 8, '| Em7 | Dm7 |'),
(101, 9, '| D7 | Am7 |'),
(101, 10, '| A7 | A7 |'),
(101, 11, '| F7 | Em7 |'),
(101, 12, '| Db7 | Cm7 |'),
(101, 13, '| Am7 | Db7 |'),
(101, 14, '| Bm7b5 | Dm7 |'),
(101, 15, '| A7 | Dm7 |'),
(101, 16, '| Cmaj7 | Db7 |'),
(101, 17, '| Abmaj7 | Cmaj7 |'),
(101, 18, '| Bbmaj7 | Db7 |'),
(101, 19, '| Cm7 | Cmaj7 |'),
(101, 20, '| Am7 | Dm7 |'),
(101, 21, '| F7 | Cm7 |'),
(101, 22, '| Cmaj7 | Ebmaj7 |'),
(101, 23, '| Bbmaj7 | Am7 |'),
(101, 24, '| Bm7b5 | F7 |'),
(101, 25, '| Dm7 | Em7 |'),
(101, 26, '| Ebmaj7 | Abmaj7 |'),
(101, 27, '| Bm7b5 | F7 |'),
(101, 28, '| Abmaj7 | Dm7 |'),
(101, 29, '| F7 | Ebmaj7 |'),
(101, 30, '| Cm7 | Db7 |'),
(101, 31, '| Am7 | Ebmaj7 |'),
(101, 32, '| Cmaj7 | Gm7 |'),
(102, 1, '| Gm7 | Db7 |'),
(102, 2, '| Em7 | Am7 |'),
(102, 3, '| F7 | F7 |'),
(102, 4, '| Bm7b5 | Bm7b5 |'),
(102, 5, '| Cm7 | D7 |'),
(102, 6, '| Ebmaj7 | Bm7b5 |'),
(102, 7, '| Cm7 | Abmaj7 |'),
(102, 8, '| Dm7 | Ebmaj7 |'),
(103, 1, '| Ebmaj7 | Bm7b5 |'),
(103, 2, '| Gm7 | D7 |'),
(103, 3, '| Em7 | G7 |'),
(103, 4, '| Bbmaj7 | Cmaj7 |'),
(103, 5, '| Dm7 | Db7 |'),
(103, 6, '| Abmaj7 | Ebmaj7 |'),
(103, 7, '| Fmaj7 | Gm7 |'),
(103, 8, '| Bbmaj7 | A7 |'),
(104, 1, '| F7 | Gm7 |'),
(104, 2, '| Bm7b5 | Cmaj7 |'),
(104, 3, '| F7 | Ebmaj7 |'),
(104, 4, '| D7 | Gm7 |'),
(104, 5, '| D7 | Bbmaj7 |'),
(104, 6, '| Db7 | Fmaj7 |'),
(104, 7, '| Bm7b5 | Abmaj7 |'),
(104, 8, '| D7 | Gm7 |'),
(104, 9, '| D7 | F7 |'),
(104, 10, '| Am7 | Gm7 |'),
(104, 11, '| Cmaj7 | Cmaj7 |'),
(104, 12, '| Em7 | Fmaj7 |'),
(104, 13, '| G7 | Fmaj7 |'),
(104, 14, '| Am7 | Dm7 |'),
(104, 15, '| Fmaj7 | Ebmaj7 |'),
(104, 16, '| D7 | G7 |'),
(105, 1, '| G7 | Bm7b5 |'),
(105, 2, '| A7 | Cm7 |'),
(105, 3, '| F7 | F7 |'),
(105, 4, '| Cm7 | Gm7 |'),
(105, 5, '| Cmaj7 | A7 |'),
(105, 6, '| Ebmaj7 | Ebmaj7 |'),
(105, 7, '| Gm7 | Gm7 |'),
(105, 8, '| Am7 | Abmaj7 |'),
(106, 1, '| Bm7b5 | Cm7 |'),
(106, 2, '| Em7 | Bbmaj7 |'),
(106, 3, '| Abmaj7 | G7 |'),
(106, 4, '| Fmaj7 | Gm7 |'),
(106, 5, '| F7 | Cm7 |'),
(106, 6, '| Cm7 | Fmaj7 |'),
(106, 7, '| Db7 | Dm7 |'),
(106, 8, '| F7 | Gm7 |'),
(106, 9, '| Ebmaj7 | Dm7 |'),
(106, 10, '| Em7 | Cmaj7 |'),
(106, 11, '| Abmaj7 | Db7 |'),
(106, 12, '| Dm7 | D7 |'),
(107, 1, '| Am7 | Cmaj7 |'),
(107, 2, '| Cmaj7 | Gm7 |'),
(107, 3, '| Gm7 | Fmaj7 |'),
(107, 4, '| Em7 | Bbmaj7 |'),
(107, 5, '| Ebmaj7 | Cm7 |'),
(107, 6, '| Cm7 | Db7 |'),
(107, 7, '| Abmaj7 | G7 |'),
(107, 8, '| Dm7 | Abmaj7 |'),
(107, 9, '| Fmaj7 | G7 |'),
(107, 10, '| G7 | G7 |'),
(107, 11, '| Cmaj7 | Dm7 |'),
(107, 12, '| Ebmaj7 | Cm7 |'),
(107, 13, '| Bm7b5 | Bbmaj7 |'),
(107, 14, '| Bm7b5 | Bm7b5 |'),
(107, 15, '| Db7 | A7 |'),
(107, 16, '| Bm7b5 | G7 |'),
(107, 17, '| F7 | Cm7 |'),
(107, 18, '| Abmaj7 | Dm7 |'),
(107, 19, '| Bm7b5 | Db7 |'),
(107, 20, '| Em7 | Bbmaj7 |'),
(107, 21, '| Ebmaj7 | Cmaj7 |'),
(107, 22, '| Cm7 | Bm7b5 |'),
(107, 23, '| Cmaj7 | Bbmaj7 |'),
(107, 24, '| F7 | D7 |'),
(107, 25, '| D7 | Db7 |'),
(107, 26, '| Em7 | Abmaj7 |'),
(107, 27, '| Fmaj7 | Am7 |'),
(107, 28, '| A7 | Fmaj7 |'),
(107, 29, '| F7 | Ebmaj7 |'),
(107, 30, '| Db7 | D7 |'),
(107, 31, '| D7 | D7 |'),
(107, 32, '| Ebmaj7 | Fmaj7 |'),
(108, 1, '| F7 | D7 |'),
(108, 2, '| Am7 | Cmaj7 |'),
(108, 3, '| F7 | F7 |'),
(108, 4, '| Cm7 | Bbmaj7 |'),
(108, 5, '| D7 | Ebmaj7 |'),
(108, 6, '| G7 | F7 |'),
(108, 7, '| Ebmaj7 | Am7 |'),
(108, 8, '| Cmaj7 | G7 |'),
(108, 9, '| Bbmaj7 | Bbmaj7 |'),
(108, 10, '| Cmaj7 | G7 |'),
(108, 11, '| Em7 | Ebmaj7 |'),
(108, 12, '| Fmaj7 | D7 |'),
(109, 1, '| A7 | Cm7 |'),
(109, 2, '| Fmaj7 | Fmaj7 |'),
(109, 3, '| Bm7b5 | F7 |'),
(109, 4, '| D7 | Gm7 |'),
(109, 5, '| Dm7 | Bbmaj7 |'),
(109, 6, '| Em7 | Cm7 |'),
(109, 7, '| Gm7 | Cm7 |'),
(109, 8, '| G7 | Bbmaj7 |'),
(109, 9, '| Em7 | G7 |'),
(109, 10, '| Db7 | Cmaj7 |'),
(109, 11, '| Fmaj7 | Abmaj7 |'),
(109, 12, '| Ebmaj7 | F7 |'),
(110, 1, '| Bm7b5 | Fmaj7 |'),
(110, 2, '| Ebmaj7 | Cmaj7 |'),
(110, 3, '| F7 | Fmaj7 |'),
(110, 4, '| Cmaj7 | Gm7 |'),
(110, 5, '| F7 | D7 |'),
(110, 6, '| Ebmaj7 | Em7 |'),
(110, 7, '| Abmaj7 | A7 |'),
(110, 8, '| Em7 | Am7 |'),
(110, 9, '| A7 | Cmaj7 |'),
(110, 10, '| D7 | Bbmaj7 |'),
(110, 11, '| Bbmaj7 | Gm7 |'),
(110, 12, '| Cm7 | Bm7b5 |'),
(110, 13, '| Gm7 | G7 |'),
(110, 14, '| D7 | A7 |'),
(110, 15, '| Em7 | Bbmaj7 |'),
(110, 16, '| Bbmaj7 | Db7 |'),
(111, 1, '| Ebmaj7 | Fmaj7 |'),
(111, 2, '| Cm7 | Abmaj7 |'),
(111, 3, '| A7 | Bbmaj7 |'),
(111, 4, '| Em7 | F7 |'),
(111, 5, '| Dm7 | Fmaj7 |'),
(111, 6, '| Cmaj7 | Db7 |'),
(111, 7, '| Cmaj7 | Dm7 |'),
(111, 8, '| Ebmaj7 | G7 |'),
(111, 9, '| Bm7b5 | Am7 |'),
(111, 10, '| Db7 | F7 |'),
(111, 11, '| Db7 | Em7 |'),
(111, 12, '| Em7 | Cmaj7 |'),
(111, 13, '| Abmaj7 | Cmaj7 |'),
(111, 14, '| G7 | G7 |'),
(111, 15, '| Bm7b5 | G7 |'),
(111, 16, '| Cm7 | Cmaj7 |'),
(112, 1, '| D7 | Cmaj7 |'),
(112, 2, '| Db7 | Am7 |'),
(112, 3, '| Cmaj7 | F7 |'),
(112, 4, '| Am7 | Fmaj7 |'),
(112, 5, '| Am7 | Bbmaj7 |'),
(112, 6, '| Em7 | Cmaj7 |'),
(112, 7, '| Bbmaj7 | Abmaj7 |'),
(112, 8, '| Gm7 | Dm7 |'),
(112, 9, '| Am7 | Cm7 |'),
(112, 10, '| Am7 | Abmaj7 |'),
(112, 11, '| Abmaj7 | Gm7 |'),
(112, 12, '| Gm7 | Em7 |'),
(113, 1, '| Ebmaj7 | Bm7b5 |'),
(113, 2, '| Am7 | Bm7b5 |'),
(113, 3, '| D7 | Am7 |'),
(113, 4, '| Db7 | Abmaj7 |'),
(113, 5, '| Db7 | Gm7 |'),
(113, 6, '| Ebmaj7 | Bbmaj7 |'),
(113, 7, '| Dm7 | Cmaj7 |'),
(113, 8, '| A7 | Bbmaj7 |'),
(114, 1, '| Em7 | A7 |'),
(114, 2, '| Fmaj7 | Abmaj7 |'),
(114, 3, '| Gm7 | Bbmaj7 |'),
(114, 4, '| G7 | D7 |'),
(114, 5, '| G7 | A7 |'),
(114, 6, '| Abmaj7 | Cmaj7 |'),
(114, 7, '| F7 | Gm7 |'),
(114, 8, '| G7 | F7 |'),
(114, 9, '| Bbmaj7 | Gm7 |'),
(114, 10, '| A7 | D7 |'),
(114, 11, '| Abmaj7 | Bm7b5 |'),
(114, 12, '| Db7 | Db7 |'),
(114, 13, '| Abmaj7 | Bbmaj7 |'),
(114, 14, '| Fmaj7 | F7 |'),
(114, 15, '| Em7 | Bbmaj7 |'),
(114, 16, '| Em7 | D7 |'),
(114, 17, '| Bbmaj7 | A7 |'),
(114, 18, '| Fmaj7 | Gm7 |'),
(114, 19, '| D7 | Bbmaj7 |'),
(114, 20, '| Cm7 | Cmaj7 |');

INSERT INTO mesure (id_grille, numero_mesure, contenu_mesure) VALUES
(114, 21, '| F7 | Dm7 |'),
(114, 22, '| Abmaj7 | F7 |'),
(114, 23, '| Bm7b5 | Bbmaj7 |'),
(114, 24, '| Am7 | Cmaj7 |'),
(114, 25, '| G7 | Bm7b5 |'),
(114, 26, '| Cmaj7 | Am7 |'),
(114, 27, '| G7 | Cm7 |'),
(114, 28, '| Cmaj7 | Fmaj7 |'),
(114, 29, '| Abmaj7 | G7 |'),
(114, 30, '| Cm7 | Gm7 |'),
(114, 31, '| Gm7 | D7 |'),
(114, 32, '| Bm7b5 | Fmaj7 |'),
(115, 1, '| Em7 | A7 |'),
(115, 2, '| F7 | A7 |'),
(115, 3, '| Cm7 | Gm7 |'),
(115, 4, '| A7 | A7 |'),
(115, 5, '| Ebmaj7 | D7 |'),
(115, 6, '| Bbmaj7 | Fmaj7 |'),
(115, 7, '| Dm7 | Gm7 |'),
(115, 8, '| Cm7 | Abmaj7 |'),
(115, 9, '| Abmaj7 | Ebmaj7 |'),
(115, 10, '| Em7 | Cm7 |'),
(115, 11, '| Abmaj7 | D7 |'),
(115, 12, '| Abmaj7 | A7 |'),
(115, 13, '| Db7 | Cmaj7 |'),
(115, 14, '| Abmaj7 | Dm7 |'),
(115, 15, '| Dm7 | Db7 |'),
(115, 16, '| Bbmaj7 | Em7 |'),
(116, 1, '| Em7 | Cmaj7 |'),
(116, 2, '| Dm7 | Am7 |'),
(116, 3, '| Db7 | Bm7b5 |'),
(116, 4, '| Cm7 | F7 |'),
(116, 5, '| Am7 | Bbmaj7 |'),
(116, 6, '| Dm7 | Gm7 |'),
(116, 7, '| F7 | Db7 |'),
(116, 8, '| Bm7b5 | Bm7b5 |'),
(116, 9, '| Db7 | Gm7 |'),
(116, 10, '| Abmaj7 | Em7 |'),
(116, 11, '| Gm7 | Ebmaj7 |'),
(116, 12, '| Abmaj7 | Dm7 |'),
(116, 13, '| A7 | G7 |'),
(116, 14, '| Cm7 | Bm7b5 |'),
(116, 15, '| Dm7 | Cmaj7 |'),
(116, 16, '| Dm7 | Cmaj7 |'),
(116, 17, '| Cmaj7 | F7 |'),
(116, 18, '| Cm7 | Abmaj7 |'),
(116, 19, '| Bm7b5 | Db7 |'),
(116, 20, '| Gm7 | Bbmaj7 |'),
(116, 21, '| Cmaj7 | Abmaj7 |'),
(116, 22, '| Db7 | Gm7 |'),
(116, 23, '| F7 | Am7 |'),
(116, 24, '| A7 | F7 |'),
(116, 25, '| Bbmaj7 | Dm7 |'),
(116, 26, '| Am7 | Em7 |'),
(116, 27, '| F7 | Dm7 |'),
(116, 28, '| Bbmaj7 | Fmaj7 |'),
(116, 29, '| Bm7b5 | Gm7 |'),
(116, 30, '| A7 | Bm7b5 |'),
(116, 31, '| Db7 | D7 |'),
(116, 32, '| Bm7b5 | Am7 |'),
(117, 1, '| Cmaj7 | Em7 |'),
(117, 2, '| F7 | Db7 |'),
(117, 3, '| Gm7 | Bbmaj7 |'),
(117, 4, '| Cm7 | Db7 |'),
(117, 5, '| Ebmaj7 | G7 |'),
(117, 6, '| Cm7 | F7 |'),
(117, 7, '| Cm7 | Db7 |'),
(117, 8, '| Dm7 | Ebmaj7 |'),
(117, 9, '| Em7 | Dm7 |'),
(117, 10, '| D7 | Em7 |'),
(117, 11, '| A7 | Cm7 |'),
(117, 12, '| Bbmaj7 | Cm7 |'),
(117, 13, '| D7 | Dm7 |'),
(117, 14, '| Abmaj7 | D7 |'),
(117, 15, '| Ebmaj7 | G7 |'),
(117, 16, '| Ebmaj7 | Em7 |'),
(117, 17, '| Dm7 | A7 |'),
(117, 18, '| G7 | Ebmaj7 |'),
(117, 19, '| Cm7 | Gm7 |'),
(117, 20, '| Am7 | Cmaj7 |'),
(117, 21, '| Em7 | Bbmaj7 |'),
(117, 22, '| G7 | D7 |'),
(117, 23, '| Fmaj7 | Cm7 |'),
(117, 24, '| Am7 | A7 |'),
(117, 25, '| Cmaj7 | Cmaj7 |'),
(117, 26, '| A7 | Am7 |'),
(117, 27, '| F7 | Gm7 |'),
(117, 28, '| Cm7 | D7 |'),
(117, 29, '| Em7 | F7 |'),
(117, 30, '| Dm7 | D7 |'),
(117, 31, '| Cm7 | Am7 |'),
(117, 32, '| Dm7 | Cm7 |'),
(118, 1, '| Db7 | Gm7 |'),
(118, 2, '| Cm7 | A7 |'),
(118, 3, '| D7 | Fmaj7 |'),
(118, 4, '| D7 | Ebmaj7 |'),
(118, 5, '| Dm7 | Em7 |'),
(118, 6, '| A7 | G7 |'),
(118, 7, '| Gm7 | Gm7 |'),
(118, 8, '| Gm7 | Bm7b5 |'),
(118, 9, '| D7 | Dm7 |'),
(118, 10, '| Bbmaj7 | Abmaj7 |'),
(118, 11, '| A7 | Cm7 |'),
(118, 12, '| G7 | Db7 |'),
(119, 1, '| G7 | Dm7 |'),
(119, 2, '| Em7 | Bbmaj7 |'),
(119, 3, '| Gm7 | Bm7b5 |'),
(119, 4, '| Dm7 | G7 |'),
(119, 5, '| D7 | Bm7b5 |'),
(119, 6, '| Bbmaj7 | D7 |'),
(119, 7, '| Dm7 | Dm7 |'),
(119, 8, '| F7 | Dm7 |'),
(119, 9, '| Db7 | F7 |'),
(119, 10, '| Fmaj7 | Em7 |'),
(119, 11, '| F7 | Gm7 |'),
(119, 12, '| Ebmaj7 | G7 |'),
(120, 1, '| D7 | Bbmaj7 |'),
(120, 2, '| Cm7 | Cmaj7 |'),
(120, 3, '| Bbmaj7 | Gm7 |'),
(120, 4, '| Bm7b5 | Cm7 |'),
(120, 5, '| Am7 | Cmaj7 |'),
(120, 6, '| Am7 | F7 |'),
(120, 7, '| Fmaj7 | Bm7b5 |'),
(120, 8, '| Ebmaj7 | F7 |'),
(120, 9, '| Cm7 | Dm7 |'),
(120, 10, '| Em7 | Bm7b5 |'),
(120, 11, '| Fmaj7 | Bm7b5 |'),
(120, 12, '| F7 | Bm7b5 |'),
(121, 1, '| Db7 | Cmaj7 |'),
(121, 2, '| Bbmaj7 | Cm7 |'),
(121, 3, '| Bbmaj7 | Bbmaj7 |'),
(121, 4, '| A7 | Em7 |'),
(121, 5, '| Dm7 | Abmaj7 |'),
(121, 6, '| Cm7 | Db7 |'),
(121, 7, '| Db7 | Am7 |'),
(121, 8, '| F7 | Ebmaj7 |'),
(121, 9, '| Cmaj7 | Am7 |'),
(121, 10, '| Am7 | F7 |'),
(121, 11, '| Bbmaj7 | Cm7 |'),
(121, 12, '| Ebmaj7 | Cmaj7 |'),
(121, 13, '| Em7 | Ebmaj7 |'),
(121, 14, '| Dm7 | Gm7 |'),
(121, 15, '| A7 | Gm7 |'),
(121, 16, '| Em7 | Abmaj7 |'),
(121, 17, '| Gm7 | Gm7 |'),
(121, 18, '| Abmaj7 | Am7 |'),
(121, 19, '| Db7 | Gm7 |'),
(121, 20, '| Cmaj7 | Ebmaj7 |'),
(121, 21, '| F7 | Gm7 |'),
(121, 22, '| Fmaj7 | Bm7b5 |'),
(121, 23, '| Abmaj7 | Bbmaj7 |'),
(121, 24, '| D7 | G7 |'),
(121, 25, '| Abmaj7 | Bm7b5 |'),
(121, 26, '| D7 | Bbmaj7 |'),
(121, 27, '| F7 | Em7 |'),
(121, 28, '| Ebmaj7 | Fmaj7 |'),
(121, 29, '| Cm7 | A7 |'),
(121, 30, '| G7 | Abmaj7 |'),
(121, 31, '| Abmaj7 | G7 |'),
(121, 32, '| D7 | Dm7 |'),
(122, 1, '| Cmaj7 | F7 |'),
(122, 2, '| Fmaj7 | Bbmaj7 |'),
(122, 3, '| Gm7 | Cm7 |'),
(122, 4, '| Dm7 | Cmaj7 |'),
(122, 5, '| Ebmaj7 | D7 |'),
(122, 6, '| Cm7 | F7 |'),
(122, 7, '| Db7 | Dm7 |'),
(122, 8, '| Fmaj7 | Em7 |'),
(122, 9, '| Bm7b5 | Gm7 |'),
(122, 10, '| Fmaj7 | D7 |'),
(122, 11, '| Cm7 | Fmaj7 |'),
(122, 12, '| G7 | Gm7 |'),
(123, 1, '| Gm7 | Am7 |'),
(123, 2, '| Cm7 | Bbmaj7 |'),
(123, 3, '| Ebmaj7 | Fmaj7 |'),
(123, 4, '| A7 | Dm7 |'),
(123, 5, '| Am7 | G7 |'),
(123, 6, '| A7 | A7 |'),
(123, 7, '| F7 | Em7 |'),
(123, 8, '| Cmaj7 | Abmaj7 |'),
(123, 9, '| F7 | Em7 |'),
(123, 10, '| Dm7 | A7 |'),
(123, 11, '| Ebmaj7 | F7 |'),
(123, 12, '| Abmaj7 | Dm7 |'),
(123, 13, '| Gm7 | Fmaj7 |'),
(123, 14, '| Ebmaj7 | Fmaj7 |'),
(123, 15, '| Cm7 | Ebmaj7 |'),
(123, 16, '| Gm7 | G7 |'),
(124, 1, '| Bbmaj7 | Bm7b5 |'),
(124, 2, '| Am7 | Bbmaj7 |'),
(124, 3, '| Am7 | Db7 |'),
(124, 4, '| Cmaj7 | Cm7 |'),
(124, 5, '| Em7 | Cm7 |'),
(124, 6, '| Gm7 | Ebmaj7 |'),
(124, 7, '| D7 | Cm7 |'),
(124, 8, '| Dm7 | Fmaj7 |'),
(124, 9, '| Bbmaj7 | Dm7 |'),
(124, 10, '| Cmaj7 | Gm7 |'),
(124, 11, '| Dm7 | Gm7 |'),
(124, 12, '| Cmaj7 | Cmaj7 |'),
(124, 13, '| Dm7 | Ebmaj7 |'),
(124, 14, '| Dm7 | F7 |'),
(124, 15, '| Cmaj7 | Am7 |'),
(124, 16, '| Cm7 | Bm7b5 |'),
(124, 17, '| Fmaj7 | Fmaj7 |'),
(124, 18, '| Dm7 | D7 |'),
(124, 19, '| Ebmaj7 | Dm7 |'),
(124, 20, '| Bbmaj7 | Cmaj7 |'),
(124, 21, '| Bm7b5 | Cm7 |'),
(124, 22, '| Bbmaj7 | Fmaj7 |'),
(124, 23, '| Em7 | Bm7b5 |'),
(124, 24, '| Am7 | F7 |'),
(124, 25, '| F7 | Bm7b5 |'),
(124, 26, '| F7 | Abmaj7 |'),
(124, 27, '| Dm7 | Cm7 |'),
(124, 28, '| F7 | F7 |'),
(124, 29, '| Abmaj7 | Cmaj7 |'),
(124, 30, '| Fmaj7 | F7 |'),
(124, 31, '| Db7 | G7 |'),
(124, 32, '| D7 | Cm7 |'),
(125, 1, '| Dm7 | Dm7 |'),
(125, 2, '| Bbmaj7 | D7 |'),
(125, 3, '| Cmaj7 | Cm7 |'),
(125, 4, '| A7 | Bm7b5 |'),
(125, 5, '| Gm7 | A7 |'),
(125, 6, '| F7 | Bbmaj7 |'),
(125, 7, '| Fmaj7 | D7 |'),
(125, 8, '| Cm7 | F7 |'),
(126, 1, '| G7 | Ebmaj7 |'),
(126, 2, '| Abmaj7 | Bbmaj7 |'),
(126, 3, '| Em7 | Bbmaj7 |'),
(126, 4, '| Fmaj7 | Fmaj7 |'),
(126, 5, '| Bm7b5 | Em7 |'),
(126, 6, '| Fmaj7 | Cm7 |'),
(126, 7, '| Em7 | Db7 |'),
(126, 8, '| Am7 | Db7 |'),
(126, 9, '| Bbmaj7 | Abmaj7 |'),
(126, 10, '| F7 | Cmaj7 |'),
(126, 11, '| Gm7 | Bbmaj7 |'),
(126, 12, '| Em7 | Em7 |'),
(126, 13, '| Am7 | Db7 |'),
(126, 14, '| Ebmaj7 | Ebmaj7 |'),
(126, 15, '| Em7 | Ebmaj7 |'),
(126, 16, '| Dm7 | Fmaj7 |'),
(127, 1, '| Am7 | Cm7 |'),
(127, 2, '| Fmaj7 | Db7 |'),
(127, 3, '| Cm7 | A7 |'),
(127, 4, '| Db7 | Gm7 |'),
(127, 5, '| Ebmaj7 | Cm7 |'),
(127, 6, '| Cm7 | Fmaj7 |'),
(127, 7, '| Em7 | Dm7 |'),
(127, 8, '| A7 | Dm7 |'),
(128, 1, '| Dm7 | G7 |'),
(128, 2, '| G7 | Bm7b5 |'),
(128, 3, '| Cm7 | Em7 |'),
(128, 4, '| Fmaj7 | Bm7b5 |'),
(128, 5, '| Bbmaj7 | Cmaj7 |'),
(128, 6, '| Db7 | F7 |'),
(128, 7, '| A7 | Em7 |'),
(128, 8, '| Fmaj7 | D7 |'),
(128, 9, '| Am7 | F7 |'),
(128, 10, '| Em7 | Cmaj7 |'),
(128, 11, '| Abmaj7 | Cmaj7 |'),
(128, 12, '| Em7 | Abmaj7 |'),
(128, 13, '| A7 | Ebmaj7 |'),
(128, 14, '| Abmaj7 | D7 |'),
(128, 15, '| Em7 | F7 |'),
(128, 16, '| Db7 | Abmaj7 |'),
(128, 17, '| Bm7b5 | F7 |'),
(128, 18, '| G7 | Gm7 |'),
(128, 19, '| Bbmaj7 | Am7 |'),
(128, 20, '| Gm7 | Cm7 |'),
(128, 21, '| Bbmaj7 | Dm7 |'),
(128, 22, '| Abmaj7 | A7 |'),
(128, 23, '| A7 | G7 |'),
(128, 24, '| Abmaj7 | G7 |'),
(128, 25, '| D7 | A7 |'),
(128, 26, '| Bbmaj7 | Am7 |'),
(128, 27, '| Am7 | Cmaj7 |'),
(128, 28, '| G7 | F7 |'),
(128, 29, '| Cm7 | Fmaj7 |'),
(128, 30, '| Em7 | Dm7 |'),
(128, 31, '| Am7 | Am7 |'),
(128, 32, '| Em7 | Ebmaj7 |'),
(129, 1, '| Fmaj7 | Db7 |'),
(129, 2, '| Fmaj7 | Db7 |'),
(129, 3, '| Bbmaj7 | G7 |'),
(129, 4, '| Abmaj7 | F7 |'),
(129, 5, '| Gm7 | Bbmaj7 |'),
(129, 6, '| G7 | Dm7 |'),
(129, 7, '| Cm7 | A7 |'),
(129, 8, '| Em7 | Abmaj7 |'),
(129, 9, '| D7 | Db7 |'),
(129, 10, '| D7 | Am7 |'),
(129, 11, '| Dm7 | F7 |'),
(129, 12, '| Cmaj7 | F7 |'),
(129, 13, '| D7 | F7 |'),
(129, 14, '| Em7 | Dm7 |'),
(129, 15, '| Am7 | Abmaj7 |'),
(129, 16, '| Gm7 | Bm7b5 |'),
(130, 1, '| G7 | Ebmaj7 |'),
(130, 2, '| Ebmaj7 | Dm7 |'),
(130, 3, '| Cm7 | G7 |'),
(130, 4, '| Bm7b5 | Bm7b5 |'),
(130, 5, '| Cm7 | Dm7 |'),
(130, 6, '| Bm7b5 | Abmaj7 |'),
(130, 7, '| Bm7b5 | Em7 |'),
(130, 8, '| G7 | Bbmaj7 |'),
(130, 9, '| Fmaj7 | Am7 |'),
(130, 10, '| Em7 | Cmaj7 |'),
(130, 11, '| Ebmaj7 | Gm7 |'),
(130, 12, '| F7 | Abmaj7 |'),
(130, 13, '| Dm7 | A7 |'),
(130, 14, '| Abmaj7 | Fmaj7 |'),
(130, 15, '| Db7 | F7 |'),
(130, 16, '| Em7 | Dm7 |'),
(131, 1, '| Em7 | Ebmaj7 |'),
(131, 2, '| Db7 | G7 |'),
(131, 3, '| Dm7 | Cmaj7 |'),
(131, 4, '| D7 | F7 |'),
(131, 5, '| D7 | Bm7b5 |'),
(131, 6, '| Db7 | Dm7 |'),
(131, 7, '| Bm7b5 | Bm7b5 |'),
(131, 8, '| Cmaj7 | Fmaj7 |'),
(131, 9, '| Bbmaj7 | Dm7 |'),
(131, 10, '| A7 | Bm7b5 |'),
(131, 11, '| G7 | Db7 |'),
(131, 12, '| Bbmaj7 | Gm7 |'),
(132, 1, '| Dm7 | Em7 |'),
(132, 2, '| Fmaj7 | Db7 |'),
(132, 3, '| A7 | Dm7 |'),
(132, 4, '| Am7 | Bbmaj7 |'),
(132, 5, '| Fmaj7 | Am7 |'),
(132, 6, '| A7 | Cm7 |'),
(132, 7, '| Dm7 | Bm7b5 |'),
(132, 8, '| Abmaj7 | F7 |'),
(132, 9, '| Dm7 | Abmaj7 |'),
(132, 10, '| F7 | G7 |'),
(132, 11, '| Fmaj7 | Em7 |'),
(132, 12, '| Cmaj7 | Dm7 |'),
(133, 1, '| Db7 | Em7 |'),
(133, 2, '| Db7 | Cm7 |'),
(133, 3, '| Gm7 | Bbmaj7 |'),
(133, 4, '| Bbmaj7 | Em7 |'),
(133, 5, '| Bm7b5 | Bbmaj7 |'),
(133, 6, '| G7 | Am7 |'),
(133, 7, '| F7 | Db7 |'),
(133, 8, '| Db7 | Cmaj7 |'),
(133, 9, '| Ebmaj7 | Am7 |'),
(133, 10, '| Dm7 | Gm7 |'),
(133, 11, '| Abmaj7 | Db7 |'),
(133, 12, '| Cmaj7 | Dm7 |'),
(133, 13, '| Gm7 | F7 |'),
(133, 14, '| Em7 | Abmaj7 |'),
(133, 15, '| Em7 | Db7 |'),
(133, 16, '| Am7 | Fmaj7 |'),
(133, 17, '| Dm7 | Ebmaj7 |'),
(133, 18, '| D7 | Cmaj7 |'),
(133, 19, '| Cm7 | F7 |'),
(133, 20, '| G7 | Cmaj7 |'),
(133, 21, '| Am7 | Ebmaj7 |'),
(133, 22, '| Bm7b5 | G7 |'),
(133, 23, '| D7 | Em7 |'),
(133, 24, '| Abmaj7 | Dm7 |'),
(133, 25, '| Cm7 | Em7 |'),
(133, 26, '| Cm7 | G7 |'),
(133, 27, '| Am7 | Ebmaj7 |'),
(133, 28, '| Cm7 | Am7 |'),
(133, 29, '| A7 | A7 |'),
(133, 30, '| Abmaj7 | Bm7b5 |'),
(133, 31, '| Gm7 | Em7 |'),
(133, 32, '| Fmaj7 | Cmaj7 |'),
(134, 1, '| A7 | Abmaj7 |'),
(134, 2, '| Abmaj7 | Cmaj7 |'),
(134, 3, '| Ebmaj7 | G7 |'),
(134, 4, '| Gm7 | Cm7 |'),
(134, 5, '| Fmaj7 | Cmaj7 |'),
(134, 6, '| Em7 | Ebmaj7 |'),
(134, 7, '| Bm7b5 | Cm7 |'),
(134, 8, '| Dm7 | Cmaj7 |'),
(134, 9, '| Bm7b5 | G7 |'),
(134, 10, '| Em7 | Em7 |'),
(134, 11, '| F7 | Dm7 |'),
(134, 12, '| Bbmaj7 | Ebmaj7 |'),
(134, 13, '| Bbmaj7 | Ebmaj7 |'),
(134, 14, '| Gm7 | Abmaj7 |'),
(134, 15, '| A7 | Cm7 |'),
(134, 16, '| Em7 | Abmaj7 |'),
(134, 17, '| Gm7 | D7 |'),
(134, 18, '| Cm7 | D7 |'),
(134, 19, '| Cmaj7 | Em7 |'),
(134, 20, '| Am7 | Dm7 |'),
(134, 21, '| Gm7 | F7 |'),
(134, 22, '| Ebmaj7 | Em7 |'),
(134, 23, '| Bm7b5 | Bbmaj7 |'),
(134, 24, '| Em7 | Cm7 |'),
(134, 25, '| Em7 | Gm7 |'),
(134, 26, '| Ebmaj7 | F7 |'),
(134, 27, '| D7 | Gm7 |'),
(134, 28, '| A7 | Em7 |');

INSERT INTO mesure (id_grille, numero_mesure, contenu_mesure) VALUES
(134, 29, '| Em7 | Gm7 |'),
(134, 30, '| Db7 | Bm7b5 |'),
(134, 31, '| Am7 | D7 |'),
(134, 32, '| Am7 | Ebmaj7 |'),
(135, 1, '| Abmaj7 | Gm7 |'),
(135, 2, '| G7 | Cmaj7 |'),
(135, 3, '| F7 | Em7 |'),
(135, 4, '| Bm7b5 | A7 |'),
(135, 5, '| Db7 | D7 |'),
(135, 6, '| Cm7 | Gm7 |'),
(135, 7, '| D7 | Bbmaj7 |'),
(135, 8, '| Abmaj7 | D7 |'),
(135, 9, '| A7 | Cm7 |'),
(135, 10, '| Bm7b5 | Dm7 |'),
(135, 11, '| G7 | Ebmaj7 |'),
(135, 12, '| Em7 | F7 |'),
(135, 13, '| Am7 | Dm7 |'),
(135, 14, '| Gm7 | Ebmaj7 |'),
(135, 15, '| Gm7 | Cmaj7 |'),
(135, 16, '| Ebmaj7 | Bbmaj7 |'),
(136, 1, '| Am7 | Am7 |'),
(136, 2, '| Abmaj7 | A7 |'),
(136, 3, '| A7 | F7 |'),
(136, 4, '| Abmaj7 | Ebmaj7 |'),
(136, 5, '| Db7 | Abmaj7 |'),
(136, 6, '| Bbmaj7 | Am7 |'),
(136, 7, '| Abmaj7 | Db7 |'),
(136, 8, '| Dm7 | Abmaj7 |'),
(137, 1, '| Cmaj7 | Cmaj7 |'),
(137, 2, '| Fmaj7 | Fmaj7 |'),
(137, 3, '| Ebmaj7 | Am7 |'),
(137, 4, '| Ebmaj7 | G7 |'),
(137, 5, '| Bbmaj7 | Em7 |'),
(137, 6, '| Gm7 | F7 |'),
(137, 7, '| Bm7b5 | Fmaj7 |'),
(137, 8, '| Dm7 | Gm7 |'),
(137, 9, '| G7 | Ebmaj7 |'),
(137, 10, '| A7 | Dm7 |'),
(137, 11, '| Bbmaj7 | Db7 |'),
(137, 12, '| D7 | F7 |'),
(138, 1, '| Abmaj7 | Bbmaj7 |'),
(138, 2, '| Fmaj7 | Abmaj7 |'),
(138, 3, '| Abmaj7 | Em7 |'),
(138, 4, '| Bm7b5 | Em7 |'),
(138, 5, '| Am7 | Bm7b5 |'),
(138, 6, '| Abmaj7 | A7 |'),
(138, 7, '| Cmaj7 | Ebmaj7 |'),
(138, 8, '| Fmaj7 | Ebmaj7 |'),
(138, 9, '| Fmaj7 | Ebmaj7 |'),
(138, 10, '| Ebmaj7 | F7 |'),
(138, 11, '| Am7 | A7 |'),
(138, 12, '| F7 | Fmaj7 |'),
(138, 13, '| Gm7 | Fmaj7 |'),
(138, 14, '| Ebmaj7 | Em7 |'),
(138, 15, '| Cm7 | Cmaj7 |'),
(138, 16, '| Gm7 | Abmaj7 |'),
(138, 17, '| Gm7 | A7 |'),
(138, 18, '| Bbmaj7 | G7 |'),
(138, 19, '| A7 | Bbmaj7 |'),
(138, 20, '| Ebmaj7 | A7 |'),
(138, 21, '| G7 | Db7 |'),
(138, 22, '| G7 | Ebmaj7 |'),
(138, 23, '| Cmaj7 | Am7 |'),
(138, 24, '| Dm7 | F7 |'),
(138, 25, '| F7 | D7 |'),
(138, 26, '| F7 | A7 |'),
(138, 27, '| Cm7 | Cm7 |'),
(138, 28, '| Am7 | G7 |'),
(138, 29, '| Am7 | A7 |'),
(138, 30, '| Fmaj7 | Gm7 |'),
(138, 31, '| Db7 | Gm7 |'),
(138, 32, '| Cm7 | Ebmaj7 |'),
(139, 1, '| Bbmaj7 | G7 |'),
(139, 2, '| Cm7 | A7 |'),
(139, 3, '| Ebmaj7 | G7 |'),
(139, 4, '| Ebmaj7 | D7 |'),
(139, 5, '| G7 | Fmaj7 |'),
(139, 6, '| Bbmaj7 | Cm7 |'),
(139, 7, '| Fmaj7 | F7 |'),
(139, 8, '| D7 | A7 |'),
(140, 1, '| Db7 | Dm7 |'),
(140, 2, '| F7 | Fmaj7 |'),
(140, 3, '| D7 | Cmaj7 |'),
(140, 4, '| Bm7b5 | Ebmaj7 |'),
(140, 5, '| Cmaj7 | Gm7 |'),
(140, 6, '| Bbmaj7 | Fmaj7 |'),
(140, 7, '| Bm7b5 | Em7 |'),
(140, 8, '| Ebmaj7 | Bbmaj7 |'),
(140, 9, '| Ebmaj7 | Abmaj7 |'),
(140, 10, '| Cm7 | Cm7 |'),
(140, 11, '| Db7 | Ebmaj7 |'),
(140, 12, '| F7 | F7 |'),
(141, 1, '| G7 | F7 |'),
(141, 2, '| Gm7 | F7 |'),
(141, 3, '| G7 | Gm7 |'),
(141, 4, '| F7 | Cmaj7 |'),
(141, 5, '| Ebmaj7 | Cmaj7 |'),
(141, 6, '| Am7 | Bbmaj7 |'),
(141, 7, '| Bm7b5 | Bbmaj7 |'),
(141, 8, '| Gm7 | F7 |'),
(142, 1, '| Ebmaj7 | Dm7 |'),
(142, 2, '| Gm7 | F7 |'),
(142, 3, '| F7 | Dm7 |'),
(142, 4, '| Em7 | Dm7 |'),
(142, 5, '| G7 | Bbmaj7 |'),
(142, 6, '| G7 | A7 |'),
(142, 7, '| Fmaj7 | Bbmaj7 |'),
(142, 8, '| F7 | Am7 |'),
(142, 9, '| Am7 | Cmaj7 |'),
(142, 10, '| Gm7 | D7 |'),
(142, 11, '| Ebmaj7 | Bm7b5 |'),
(142, 12, '| D7 | Bm7b5 |'),
(142, 13, '| Cm7 | Am7 |'),
(142, 14, '| Cm7 | G7 |'),
(142, 15, '| Fmaj7 | Dm7 |'),
(142, 16, '| Bm7b5 | Em7 |'),
(143, 1, '| Bbmaj7 | Db7 |'),
(143, 2, '| Fmaj7 | Gm7 |'),
(143, 3, '| Cm7 | G7 |'),
(143, 4, '| Cmaj7 | Cmaj7 |'),
(143, 5, '| D7 | A7 |'),
(143, 6, '| Abmaj7 | Em7 |'),
(143, 7, '| Em7 | Em7 |'),
(143, 8, '| D7 | Ebmaj7 |'),
(143, 9, '| Db7 | Db7 |'),
(143, 10, '| Cm7 | A7 |'),
(143, 11, '| Am7 | G7 |'),
(143, 12, '| Bm7b5 | Cmaj7 |'),
(143, 13, '| Abmaj7 | Am7 |'),
(143, 14, '| Cmaj7 | Cmaj7 |'),
(143, 15, '| Am7 | Bbmaj7 |'),
(143, 16, '| Dm7 | Gm7 |'),
(143, 17, '| Bm7b5 | Em7 |'),
(143, 18, '| Bbmaj7 | F7 |'),
(143, 19, '| A7 | Bm7b5 |'),
(143, 20, '| Am7 | A7 |'),
(143, 21, '| F7 | F7 |'),
(143, 22, '| G7 | Em7 |'),
(143, 23, '| Cm7 | Cmaj7 |'),
(143, 24, '| G7 | Cmaj7 |'),
(143, 25, '| Ebmaj7 | Am7 |'),
(143, 26, '| F7 | Bbmaj7 |'),
(143, 27, '| G7 | Gm7 |'),
(143, 28, '| A7 | Gm7 |'),
(143, 29, '| Bbmaj7 | Abmaj7 |'),
(143, 30, '| Bm7b5 | A7 |'),
(143, 31, '| Cm7 | G7 |'),
(143, 32, '| A7 | A7 |'),
(144, 1, '| Em7 | Cm7 |'),
(144, 2, '| Cm7 | Em7 |'),
(144, 3, '| Em7 | Cmaj7 |'),
(144, 4, '| D7 | Em7 |'),
(144, 5, '| Em7 | Ebmaj7 |'),
(144, 6, '| Abmaj7 | A7 |'),
(144, 7, '| A7 | Abmaj7 |'),
(144, 8, '| Ebmaj7 | A7 |'),
(144, 9, '| Db7 | Fmaj7 |'),
(144, 10, '| F7 | A7 |'),
(144, 11, '| Bbmaj7 | Abmaj7 |'),
(144, 12, '| Cm7 | Abmaj7 |'),
(145, 1, '| Db7 | A7 |'),
(145, 2, '| Am7 | G7 |'),
(145, 3, '| Dm7 | D7 |'),
(145, 4, '| Bm7b5 | A7 |'),
(145, 5, '| Fmaj7 | D7 |'),
(145, 6, '| Cmaj7 | Db7 |'),
(145, 7, '| Bbmaj7 | A7 |'),
(145, 8, '| G7 | Dm7 |'),
(145, 9, '| Ebmaj7 | D7 |'),
(145, 10, '| Em7 | Em7 |'),
(145, 11, '| D7 | Fmaj7 |'),
(145, 12, '| A7 | Cm7 |'),
(145, 13, '| F7 | D7 |'),
(145, 14, '| Db7 | Em7 |'),
(145, 15, '| Dm7 | F7 |'),
(145, 16, '| D7 | Em7 |'),
(145, 17, '| Bbmaj7 | Bm7b5 |'),
(145, 18, '| A7 | Bm7b5 |'),
(145, 19, '| Em7 | Bbmaj7 |'),
(145, 20, '| Dm7 | D7 |'),
(145, 21, '| Bm7b5 | Db7 |'),
(145, 22, '| D7 | Gm7 |'),
(145, 23, '| Cm7 | Em7 |'),
(145, 24, '| Abmaj7 | F7 |'),
(145, 25, '| Gm7 | Em7 |'),
(145, 26, '| D7 | Gm7 |'),
(145, 27, '| Abmaj7 | Abmaj7 |'),
(145, 28, '| Db7 | Gm7 |'),
(145, 29, '| F7 | A7 |'),
(145, 30, '| Cmaj7 | Em7 |'),
(145, 31, '| Bm7b5 | Abmaj7 |'),
(145, 32, '| Em7 | Cmaj7 |'),
(146, 1, '| G7 | Cm7 |'),
(146, 2, '| F7 | Em7 |'),
(146, 3, '| Cmaj7 | Abmaj7 |'),
(146, 4, '| Bbmaj7 | Gm7 |'),
(146, 5, '| Bbmaj7 | Fmaj7 |'),
(146, 6, '| Cm7 | D7 |'),
(146, 7, '| Bbmaj7 | Bbmaj7 |'),
(146, 8, '| Fmaj7 | G7 |'),
(147, 1, '| Bbmaj7 | Cmaj7 |'),
(147, 2, '| Ebmaj7 | Dm7 |'),
(147, 3, '| Cmaj7 | D7 |'),
(147, 4, '| Bbmaj7 | Abmaj7 |'),
(147, 5, '| Bbmaj7 | Em7 |'),
(147, 6, '| Am7 | G7 |'),
(147, 7, '| Cmaj7 | G7 |'),
(147, 8, '| G7 | D7 |'),
(148, 1, '| Bm7b5 | Ebmaj7 |'),
(148, 2, '| A7 | Ebmaj7 |'),
(148, 3, '| Gm7 | Am7 |'),
(148, 4, '| Em7 | Fmaj7 |'),
(148, 5, '| Bm7b5 | Am7 |'),
(148, 6, '| Abmaj7 | D7 |'),
(148, 7, '| Am7 | F7 |'),
(148, 8, '| Bm7b5 | Bbmaj7 |'),
(148, 9, '| D7 | D7 |'),
(148, 10, '| D7 | Db7 |'),
(148, 11, '| Abmaj7 | Gm7 |'),
(148, 12, '| A7 | F7 |'),
(148, 13, '| Bm7b5 | Bbmaj7 |'),
(148, 14, '| Db7 | Gm7 |'),
(148, 15, '| Am7 | Ebmaj7 |'),
(148, 16, '| Bbmaj7 | Cmaj7 |'),
(148, 17, '| G7 | Db7 |'),
(148, 18, '| Fmaj7 | Bm7b5 |'),
(148, 19, '| F7 | Bm7b5 |'),
(148, 20, '| Dm7 | Bm7b5 |'),
(148, 21, '| Gm7 | Cmaj7 |'),
(148, 22, '| Db7 | Db7 |'),
(148, 23, '| Gm7 | Db7 |'),
(148, 24, '| Am7 | F7 |'),
(148, 25, '| Em7 | G7 |'),
(148, 26, '| D7 | Dm7 |'),
(148, 27, '| A7 | G7 |'),
(148, 28, '| Abmaj7 | Gm7 |'),
(148, 29, '| A7 | Em7 |'),
(148, 30, '| Bbmaj7 | Ebmaj7 |'),
(148, 31, '| F7 | Em7 |'),
(148, 32, '| F7 | Am7 |'),
(149, 1, '| Fmaj7 | Ebmaj7 |'),
(149, 2, '| Bm7b5 | Dm7 |'),
(149, 3, '| Cmaj7 | Abmaj7 |'),
(149, 4, '| Dm7 | Am7 |'),
(149, 5, '| Bm7b5 | Bbmaj7 |'),
(149, 6, '| Bm7b5 | Bbmaj7 |'),
(149, 7, '| G7 | Em7 |'),
(149, 8, '| Bbmaj7 | Em7 |'),
(150, 1, '| Cm7 | Db7 |'),
(150, 2, '| Bbmaj7 | Bbmaj7 |'),
(150, 3, '| A7 | Em7 |'),
(150, 4, '| Fmaj7 | Cmaj7 |'),
(150, 5, '| A7 | F7 |'),
(150, 6, '| Fmaj7 | Bm7b5 |'),
(150, 7, '| Cm7 | Em7 |'),
(150, 8, '| D7 | Bm7b5 |'),
(150, 9, '| G7 | Gm7 |'),
(150, 10, '| F7 | F7 |'),
(150, 11, '| Dm7 | Gm7 |'),
(150, 12, '| G7 | Db7 |'),
(150, 13, '| F7 | Em7 |'),
(150, 14, '| Cmaj7 | Fmaj7 |'),
(150, 15, '| F7 | F7 |'),
(150, 16, '| Db7 | Db7 |'),
(150, 17, '| Db7 | Db7 |'),
(150, 18, '| Em7 | F7 |'),
(150, 19, '| Bbmaj7 | Em7 |'),
(150, 20, '| F7 | D7 |'),
(150, 21, '| G7 | Fmaj7 |'),
(150, 22, '| Db7 | Bm7b5 |'),
(150, 23, '| D7 | Cm7 |'),
(150, 24, '| Em7 | Cm7 |'),
(150, 25, '| Cm7 | Abmaj7 |'),
(150, 26, '| Dm7 | Db7 |'),
(150, 27, '| Db7 | Ebmaj7 |'),
(150, 28, '| Bbmaj7 | A7 |'),
(150, 29, '| Abmaj7 | Gm7 |'),
(150, 30, '| A7 | Fmaj7 |'),
(150, 31, '| Am7 | Cm7 |'),
(150, 32, '| Am7 | Bm7b5 |'),
(151, 1, '| G7 | Bm7b5 |'),
(151, 2, '| Ebmaj7 | F7 |'),
(151, 3, '| Fmaj7 | D7 |'),
(151, 4, '| D7 | Cm7 |'),
(151, 5, '| Cm7 | Cm7 |'),
(151, 6, '| Cmaj7 | Ebmaj7 |'),
(151, 7, '| A7 | F7 |'),
(151, 8, '| Dm7 | G7 |'),
(151, 9, '| Ebmaj7 | Bm7b5 |'),
(151, 10, '| Bbmaj7 | Am7 |'),
(151, 11, '| G7 | Am7 |'),
(151, 12, '| A7 | Cm7 |'),
(152, 1, '| Db7 | Am7 |'),
(152, 2, '| Cmaj7 | Bbmaj7 |'),
(152, 3, '| Dm7 | Abmaj7 |'),
(152, 4, '| Bbmaj7 | Abmaj7 |'),
(152, 5, '| Cm7 | Db7 |'),
(152, 6, '| Em7 | Abmaj7 |'),
(152, 7, '| Fmaj7 | Abmaj7 |'),
(152, 8, '| F7 | A7 |'),
(152, 9, '| D7 | Abmaj7 |'),
(152, 10, '| Em7 | A7 |'),
(152, 11, '| Ebmaj7 | Abmaj7 |'),
(152, 12, '| D7 | Ebmaj7 |'),
(152, 13, '| F7 | Fmaj7 |'),
(152, 14, '| Cm7 | Em7 |'),
(152, 15, '| F7 | A7 |'),
(152, 16, '| Am7 | Cm7 |'),
(152, 17, '| Fmaj7 | Cmaj7 |'),
(152, 18, '| Em7 | Dm7 |'),
(152, 19, '| Em7 | Gm7 |'),
(152, 20, '| F7 | Bbmaj7 |'),
(152, 21, '| Dm7 | Fmaj7 |'),
(152, 22, '| Am7 | Ebmaj7 |'),
(152, 23, '| Am7 | D7 |'),
(152, 24, '| Am7 | Gm7 |'),
(152, 25, '| Bm7b5 | Db7 |'),
(152, 26, '| G7 | D7 |'),
(152, 27, '| Abmaj7 | Dm7 |'),
(152, 28, '| Ebmaj7 | Am7 |'),
(152, 29, '| Gm7 | Cm7 |'),
(152, 30, '| Abmaj7 | Bbmaj7 |'),
(152, 31, '| Abmaj7 | Bm7b5 |'),
(152, 32, '| Cmaj7 | Am7 |'),
(153, 1, '| G7 | D7 |'),
(153, 2, '| Bm7b5 | Cmaj7 |'),
(153, 3, '| Db7 | Cmaj7 |'),
(153, 4, '| Ebmaj7 | Fmaj7 |'),
(153, 5, '| Ebmaj7 | Abmaj7 |'),
(153, 6, '| Dm7 | Db7 |'),
(153, 7, '| Bm7b5 | G7 |'),
(153, 8, '| D7 | Cm7 |'),
(153, 9, '| A7 | Ebmaj7 |'),
(153, 10, '| Dm7 | Abmaj7 |'),
(153, 11, '| Dm7 | D7 |'),
(153, 12, '| G7 | Em7 |'),
(154, 1, '| Db7 | Db7 |'),
(154, 2, '| Db7 | Bm7b5 |'),
(154, 3, '| G7 | Ebmaj7 |'),
(154, 4, '| Bm7b5 | Dm7 |'),
(154, 5, '| Am7 | Cmaj7 |'),
(154, 6, '| Fmaj7 | Am7 |'),
(154, 7, '| G7 | F7 |'),
(154, 8, '| Ebmaj7 | G7 |'),
(154, 9, '| Am7 | Bbmaj7 |'),
(154, 10, '| Bbmaj7 | Am7 |'),
(154, 11, '| Bbmaj7 | Db7 |'),
(154, 12, '| Fmaj7 | Ebmaj7 |'),
(155, 1, '| Ebmaj7 | Ebmaj7 |'),
(155, 2, '| G7 | Fmaj7 |'),
(155, 3, '| Am7 | Bbmaj7 |'),
(155, 4, '| A7 | Em7 |'),
(155, 5, '| F7 | Abmaj7 |'),
(155, 6, '| D7 | F7 |'),
(155, 7, '| Fmaj7 | D7 |'),
(155, 8, '| Em7 | Gm7 |'),
(155, 9, '| Db7 | A7 |'),
(155, 10, '| Em7 | Gm7 |'),
(155, 11, '| Fmaj7 | D7 |'),
(155, 12, '| Cmaj7 | G7 |'),
(155, 13, '| Gm7 | Db7 |'),
(155, 14, '| G7 | G7 |'),
(155, 15, '| Db7 | Gm7 |'),
(155, 16, '| Am7 | Am7 |'),
(156, 1, '| A7 | D7 |'),
(156, 2, '| Abmaj7 | Bm7b5 |'),
(156, 3, '| F7 | Bm7b5 |'),
(156, 4, '| Bbmaj7 | Abmaj7 |'),
(156, 5, '| Cmaj7 | Abmaj7 |'),
(156, 6, '| Gm7 | Em7 |'),
(156, 7, '| Db7 | Gm7 |'),
(156, 8, '| Gm7 | Fmaj7 |'),
(156, 9, '| Em7 | Db7 |'),
(156, 10, '| Ebmaj7 | Em7 |'),
(156, 11, '| Bbmaj7 | Bbmaj7 |'),
(156, 12, '| Cm7 | Cm7 |');

INSERT INTO analyse (id_analyse, texte_analyse, date_creation, id_utilisateur, id_morceau) VALUES
(1, 'A revoir lentement avec metronome puis enchainement complet.', '2026-03-08', 1, 4),
(2, 'Attention au placement rythmique et a la respiration des phrases.', '2026-02-04', 1, 5),
(3, 'Attention au placement rythmique et a la respiration des phrases.', '2026-01-06', 1, 8),
(4, 'Bonne grille pour travailler les substitutions tritoniques.', '2026-03-02', 2, 10),
(5, 'Attention au placement rythmique et a la respiration des phrases.', '2026-03-02', 3, 17),
(6, 'Travail sur le voicing main gauche et les resolutions II-V-I.', '2026-03-04', 3, 19),
(7, 'Bonne grille pour travailler les substitutions tritoniques.', '2026-01-02', 3, 22),
(8, 'Attention au placement rythmique et a la respiration des phrases.', '2026-01-03', 4, 28),
(9, 'A revoir lentement avec metronome puis enchainement complet.', '2026-02-08', 4, 32),
(10, 'Attention au placement rythmique et a la respiration des phrases.', '2026-03-07', 4, 35),
(11, 'Morceau utile pour l impro modale et le developpement motivique.', '2026-01-05', 5, 39),
(12, 'Bonne grille pour travailler les substitutions tritoniques.', '2026-01-05', 5, 40),
(13, 'Travail sur le voicing main gauche et les resolutions II-V-I.', '2026-03-04', 5, 41),
(14, 'Bonne grille pour travailler les substitutions tritoniques.', '2026-01-06', 7, 53),
(15, 'Travail sur le voicing main gauche et les resolutions II-V-I.', '2026-01-03', 7, 56),
(16, 'A revoir lentement avec metronome puis enchainement complet.', '2026-01-04', 7, 57),
(17, 'Bonne grille pour travailler les substitutions tritoniques.', '2026-03-08', 8, 65),
(18, 'Morceau utile pour l impro modale et le developpement motivique.', '2026-03-05', 8, 68),
(19, 'A revoir lentement avec metronome puis enchainement complet.', '2026-01-02', 9, 69),
(20, 'Attention au placement rythmique et a la respiration des phrases.', '2026-02-05', 9, 70),
(21, 'Morceau utile pour l impro modale et le developpement motivique.', '2026-02-05', 9, 73),
(22, 'Attention au placement rythmique et a la respiration des phrases.', '2026-03-02', 9, 76),
(23, 'Attention au placement rythmique et a la respiration des phrases.', '2026-03-04', 10, 78),
(24, 'Attention au placement rythmique et a la respiration des phrases.', '2026-01-01', 10, 81),
(25, 'Morceau utile pour l impro modale et le developpement motivique.', '2026-03-06', 11, 90),
(26, 'Morceau utile pour l impro modale et le developpement motivique.', '2026-03-08', 12, 95),
(27, 'Attention au placement rythmique et a la respiration des phrases.', '2026-03-07', 12, 98),
(28, 'Attention au placement rythmique et a la respiration des phrases.', '2026-03-06', 12, 99),
(29, 'Bonne grille pour travailler les substitutions tritoniques.', '2026-02-08', 12, 101),
(30, 'Morceau utile pour l impro modale et le developpement motivique.', '2026-01-05', 12, 102);

